Timestamp,Medicion
2026-02-05 13:13:57,43.55E+0
2026-02-05 13:13:58,"HzV1N  050.004E+0,W  1N  0043.55E+0"
2026-02-05 13:13:59,END
2026-02-05 13:14:00,V  1N  0234.89E+0
2026-02-05 13:14:01,A  1N  00.3396E+0
2026-02-05 13:14:02,W  1N  0044.31E+0
2026-02-05 13:14:03,"HzV1N  050.004E+0,W  1N  0044.31E+0"
2026-02-05 13:14:04,END
2026-02-05 13:14:05,V  1N  0235.25E+0
2026-02-05 13:14:06,A  1N  00.3398E+0
2026-02-05 13:14:07,W  1N  0044.52E+0
2026-02-05 13:14:08,"HzV1N  050.004E+0,W  1N  0044.52E+0"
2026-02-05 13:14:09,END
2026-02-05 13:14:10,V  1N  0235.14E+0
2026-02-05 13:14:11,A  1N  00.3394E+0
2026-02-05 13:14:12,W  1N  0044.46E+0
2026-02-05 13:14:13,"HzV1N  050.004E+0,W  1N  0044.46E+0"
2026-02-05 13:14:14,END
2026-02-05 13:14:15,V  1N  0235.16E+0
2026-02-05 13:14:16,A  1N  00.3404E+0
2026-02-05 13:14:17,W  1N  0044.46E+0
2026-02-05 13:14:18,"HzV1N  050.005E+0,W  1N  0044.46E+0"
2026-02-05 13:14:19,END
2026-02-05 13:14:20,V  1N  0234.79E+0
2026-02-05 13:14:21,A  1N  00.3396E+0
2026-02-05 13:14:22,W  1N  0044.22E+0
2026-02-05 13:14:23,"HzV1N  050.005E+0,W  1N  0044.22E+0"
2026-02-05 13:14:24,END
2026-02-05 13:14:25,V  1N  0234.94E+0
2026-02-05 13:14:26,A  1N  00.3412E+0
2026-02-05 13:14:27,W  1N  0044.65E+0
2026-02-05 13:14:28,"HzV1N  050.004E+0,W  1N  0044.65E+0"
2026-02-05 13:14:30,END
2026-02-05 13:14:31,V  1N  0234.57E+0
2026-02-05 13:14:32,A  1N  00.3396E+0
2026-02-05 13:14:33,W  1N  0044.52E+0
2026-02-05 13:14:34,"HzV1N  050.005E+0,W  1N  0044.52E+0"
2026-02-05 13:14:35,END
Timestamp,Medicion
2026-02-05 13:14:48,V  1N  0234.44E+0
2026-02-05 13:14:48,A  1N  00.3249E+0
2026-02-05 13:14:48,W  1N  0044.52E+0
2026-02-05 13:14:48,"HzV1N  050.036E+0,W  1N  0044.52E+0"
2026-02-05 13:14:48,END
2026-02-05 13:14:48,V  1N  0234.44E+0
2026-02-05 13:14:48,A  1N  00.3258E+0
2026-02-05 13:14:48,W  1N  0044.43E+0
2026-02-05 13:14:48,"HzV1N  050.034E+0,W  1N  0044.43E+0"
2026-02-05 13:14:48,END
2026-02-05 13:14:48,V  1N  0234.37E+0
2026-02-05 13:14:48,A  1N  00.3253E+0
2026-02-05 13:14:48,W  1N  0044.30E+0
2026-02-05 13:14:48,"HzV1N  050.032E+0,W  1N  0044.30E+0"
2026-02-05 13:14:48,END
2026-02-05 13:14:48,V  1N  0234.25E+0
2026-02-05 13:14:48,A  1N  00.3234E+0
2026-02-05 13:14:48,W  1N  0044.06E+0
2026-02-05 13:14:48,"HzV1N  050.032E+0,W  1N  0044.06E+0"
2026-02-05 13:14:48,END
2026-02-05 13:14:49,V  1N  0232.86E+0
2026-02-05 13:14:49,A  1N  00.3218E+0
2026-02-05 13:14:49,W  1N  0043.63E+0
2026-02-05 13:14:49,"HzV1N  050.032E+0,W  1N  0043.63E+0"
2026-02-05 13:14:49,END
2026-02-05 13:14:49,V  1N  0234.34E+0
2026-02-05 13:14:49,A  1N  00.3260E+0
2026-02-05 13:14:49,W  1N  0044.51E+0
2026-02-05 13:14:49,"HzV1N  050.032E+0,W  1N  0044.51E+0"
2026-02-05 13:14:49,END
2026-02-05 13:14:49,V  1N  0234.52E+0
2026-02-05 13:14:49,A  1N  00.3256E+0
2026-02-05 13:14:49,W  1N  0044.45E+0
2026-02-05 13:14:49,"HzV1N  050.034E+0,W  1N  0044.45E+0"
2026-02-05 13:14:49,END
2026-02-05 13:14:49,V  1N  0234.20E+0
2026-02-05 13:14:49,A  1N  00.3247E+0
2026-02-05 13:14:49,W  1N  0044.09E+0
2026-02-05 13:14:49,"HzV1N  050.032E+0,W  1N  0044.09E+0"
2026-02-05 13:14:49,END
2026-02-05 13:14:50,V  1N  0234.31E+0
2026-02-05 13:14:50,A  1N  00.3253E+0
2026-02-05 13:14:50,W  1N  0044.21E+0
2026-02-05 13:14:50,"HzV1N  050.034E+0,W  1N  0044.21E+0"
2026-02-05 13:14:50,END
2026-02-05 13:14:50,V  1N  0234.26E+0
2026-02-05 13:14:50,A  1N  00.3258E+0
2026-02-05 13:14:50,W  1N  0044.34E+0
2026-02-05 13:14:50,"HzV1N  050.034E+0,W  1N  0044.34E+0"
2026-02-05 13:14:50,END
2026-02-05 13:14:50,V  1N  0234.38E+0
2026-02-05 13:14:50,A  1N  00.3254E+0
2026-02-05 13:14:50,W  1N  0044.38E+0
2026-02-05 13:14:50,"HzV1N  050.034E+0,W  1N  0044.38E+0"
2026-02-05 13:14:50,END
2026-02-05 13:14:50,V  1N  0234.01E+0
2026-02-05 13:14:50,A  1N  00.3254E+0
2026-02-05 13:14:50,W  1N  0044.35E+0
2026-02-05 13:14:50,"HzV1N  050.034E+0,W  1N  0044.35E+0"
2026-02-05 13:14:50,END
2026-02-05 13:14:51,V  1N  0234.36E+0
2026-02-05 13:14:51,A  1N  00.3263E+0
2026-02-05 13:14:51,W  1N  0044.64E+0
2026-02-05 13:14:51,"HzV1N  050.034E+0,W  1N  0044.64E+0"
2026-02-05 13:14:51,END
2026-02-05 13:14:51,V  1N  0234.32E+0
2026-02-05 13:14:51,A  1N  00.3251E+0
2026-02-05 13:14:51,W  1N  0044.20E+0
2026-02-05 13:14:51,"HzV1N  050.034E+0,W  1N  0044.20E+0"
2026-02-05 13:14:51,END
2026-02-05 13:14:51,V  1N  0234.25E+0
2026-02-05 13:14:51,A  1N  00.3269E+0
2026-02-05 13:14:51,W  1N  0044.74E+0
2026-02-05 13:14:51,"HzV1N  050.034E+0,W  1N  0044.74E+0"
2026-02-05 13:14:51,END
2026-02-05 13:14:51,V  1N  0234.17E+0
2026-02-05 13:14:51,A  1N  00.3249E+0
2026-02-05 13:14:51,W  1N  0044.19E+0
2026-02-05 13:14:51,"HzV1N  050.034E+0,W  1N  0044.19E+0"
2026-02-05 13:14:51,END
2026-02-05 13:14:52,V  1N  0234.26E+0
2026-02-05 13:14:52,A  1N  00.3243E+0
2026-02-05 13:14:52,W  1N  0044.29E+0
2026-02-05 13:14:52,"HzV1N  050.034E+0,W  1N  0044.29E+0"
2026-02-05 13:14:52,END
2026-02-05 13:14:52,V  1N  0234.26E+0
2026-02-05 13:14:52,A  1N  00.3251E+0
2026-02-05 13:14:52,W  1N  0044.52E+0
2026-02-05 13:14:52,"HzV1N  050.034E+0,W  1N  0044.52E+0"
2026-02-05 13:14:52,END
2026-02-05 13:14:52,V  1N  0234.36E+0
2026-02-05 13:14:52,A  1N  00.3252E+0
2026-02-05 13:14:52,W  1N  0044.50E+0
2026-02-05 13:14:52,"HzV1N  050.032E+0,W  1N  0044.50E+0"
2026-02-05 13:14:52,END
2026-02-05 13:14:52,V  1N  0234.28E+0
2026-02-05 13:14:52,A  1N  00.3245E+0
2026-02-05 13:14:52,W  1N  0044.31E+0
2026-02-05 13:14:52,"HzV1N  050.032E+0,W  1N  0044.31E+0"
2026-02-05 13:14:52,END
2026-02-05 13:14:53,V  1N  0234.33E+0
2026-02-05 13:14:53,A  1N  00.3257E+0
2026-02-05 13:14:53,W  1N  0044.55E+0
2026-02-05 13:14:53,"HzV1N  050.034E+0,W  1N  0044.55E+0"
2026-02-05 13:14:53,END
2026-02-05 13:14:53,V  1N  0234.37E+0
2026-02-05 13:14:53,A  1N  00.3253E+0
2026-02-05 13:14:53,W  1N  0044.49E+0
2026-02-05 13:14:53,"HzV1N  050.034E+0,W  1N  0044.49E+0"
2026-02-05 13:14:53,END
2026-02-05 13:14:53,V  1N  0234.48E+0
2026-02-05 13:14:53,A  1N  00.3252E+0
2026-02-05 13:14:53,W  1N  0044.40E+0
2026-02-05 13:14:53,"HzV1N  050.030E+0,W  1N  0044.40E+0"
2026-02-05 13:14:53,END
2026-02-05 13:14:53,V  1N  0234.05E+0
2026-02-05 13:14:53,A  1N  00.3235E+0
2026-02-05 13:14:53,W  1N  0043.93E+0
2026-02-05 13:14:53,"HzV1N  050.034E+0,W  1N  0043.93E+0"
2026-02-05 13:14:53,END
2026-02-05 13:14:54,V  1N  0234.25E+0
2026-02-05 13:14:54,A  1N  00.3249E+0
2026-02-05 13:14:54,W  1N  0044.25E+0
2026-02-05 13:14:54,"HzV1N  050.034E+0,W  1N  0044.25E+0"
2026-02-05 13:14:54,END
2026-02-05 13:14:54,V  1N  0234.30E+0
2026-02-05 13:14:54,A  1N  00.3244E+0
2026-02-05 13:14:54,W  1N  0044.13E+0
2026-02-05 13:14:54,"HzV1N  050.034E+0,W  1N  0044.13E+0"
2026-02-05 13:14:54,END
2026-02-05 13:14:54,V  1N  0232.94E+0
2026-02-05 13:14:54,A  1N  00.3226E+0
2026-02-05 13:14:54,W  1N  0043.47E+0
2026-02-05 13:14:54,"HzV1N  050.036E+0,W  1N  0043.47E+0"
2026-02-05 13:14:54,END
2026-02-05 13:14:54,V  1N  0232.88E+0
2026-02-05 13:14:54,A  1N  00.3240E+0
2026-02-05 13:14:54,W  1N  0043.46E+0
2026-02-05 13:14:54,"HzV1N  050.034E+0,W  1N  0043.46E+0"
2026-02-05 13:14:54,END
2026-02-05 13:14:55,V  1N  0232.88E+0
2026-02-05 13:14:55,A  1N  00.3233E+0
2026-02-05 13:14:55,W  1N  0043.44E+0
2026-02-05 13:14:55,"HzV1N  050.034E+0,W  1N  0043.44E+0"
2026-02-05 13:14:55,END
2026-02-05 13:14:55,V  1N  0232.84E+0
2026-02-05 13:14:55,A  1N  00.3234E+0
2026-02-05 13:14:55,W  1N  0043.41E+0
2026-02-05 13:14:55,"HzV1N  050.034E+0,W  1N  0043.41E+0"
2026-02-05 13:14:55,END
2026-02-05 13:14:55,V  1N  0232.83E+0
2026-02-05 13:14:55,A  1N  00.3238E+0
2026-02-05 13:14:55,W  1N  0043.48E+0
2026-02-05 13:14:55,"HzV1N  050.034E+0,W  1N  0043.48E+0"
2026-02-05 13:14:55,END
2026-02-05 13:14:55,V  1N  0232.80E+0
2026-02-05 13:14:55,A  1N  00.3237E+0
2026-02-05 13:14:55,W  1N  0043.47E+0
2026-02-05 13:14:55,"HzV1N  050.036E+0,W  1N  0043.47E+0"
2026-02-05 13:14:55,END
Timestamp,Medicion
2026-02-06 10:59:13,D
2026-02-06 10:59:13,V  1N  0228.80E+0
2026-02-06 10:59:13,A  1N  00.3351E+0
2026-02-06 10:59:13,W  1N  0043.49E+0
2026-02-06 10:59:13,"HzV1N  049.998E+0,W  1N  0043.49E+0"
2026-02-06 10:59:13,END
2026-02-06 10:59:13,V  1N  0230.32E+0
2026-02-06 10:59:13,A  1N  00.3405E+0
2026-02-06 10:59:13,W  1N  0044.95E+0
2026-02-06 10:59:13,"HzV1N  050.000E+0,W  1N  0044.95E+0"
2026-02-06 10:59:13,END
2026-02-06 10:59:13,V  1N  0229.08E+0
2026-02-06 10:59:13,A  1N  00.3344E+0
2026-02-06 10:59:13,W  1N  0043.42E+0
2026-02-06 10:59:13,"HzV1N  049.998E+0,W  1N  0043.42E+0"
2026-02-06 10:59:13,END
2026-02-06 10:59:13,V  1N  0228.92E+0
2026-02-06 10:59:13,A  1N  00.3356E+0
2026-02-06 10:59:13,W  1N  0043.65E+0
2026-02-06 10:59:14,"HzV1N  050.002E+0,W  1N  0043.65E+0"
2026-02-06 10:59:14,END
2026-02-06 10:59:14,V  1N  0230.38E+0
2026-02-06 10:59:14,A  1N  00.3395E+0
2026-02-06 10:59:14,W  1N  0044.84E+0
2026-02-06 10:59:14,"HzV1N  050.002E+0,W  1N  0044.84E+0"
2026-02-06 10:59:14,END
2026-02-06 10:59:14,V  1N  0227.80E+0
2026-02-06 10:59:14,A  1N  00.3300E+0
2026-02-06 10:59:14,W  1N  0042.26E+0
2026-02-06 10:59:14,"HzV1N  049.998E+0,W  1N  0042.26E+0"
2026-02-06 10:59:14,END
2026-02-06 10:59:14,V  1N  0230.45E+0
2026-02-06 10:59:14,A  1N  00.3397E+0
2026-02-06 10:59:14,W  1N  0044.80E+0
2026-02-06 10:59:14,"HzV1N  050.002E+0,W  1N  0044.80E+0"
2026-02-06 10:59:14,END
2026-02-06 10:59:14,V  1N  0228.89E+0
2026-02-06 10:59:14,A  1N  00.3356E+0
2026-02-06 10:59:14,W  1N  0043.62E+0
2026-02-06 10:59:15,"HzV1N  050.004E+0,W  1N  0043.62E+0"
2026-02-06 10:59:15,END
2026-02-06 10:59:15,V  1N  0229.20E+0
2026-02-06 10:59:15,A  1N  00.3355E+0
2026-02-06 10:59:15,W  1N  0043.51E+0
2026-02-06 10:59:15,"HzV1N  050.002E+0,W  1N  0043.51E+0"
2026-02-06 10:59:15,END
2026-02-06 10:59:15,V  1N  0229.17E+0
2026-02-06 10:59:15,A  1N  00.3368E+0
2026-02-06 10:59:15,W  1N  0043.58E+0
2026-02-06 10:59:15,"HzV1N  050.004E+0,W  1N  0043.58E+0"
2026-02-06 10:59:15,END
2026-02-06 10:59:15,V  1N  0229.16E+0
2026-02-06 10:59:15,A  1N  00.3356E+0
2026-02-06 10:59:15,W  1N  0043.47E+0
2026-02-06 10:59:15,"HzV1N  050.004E+0,W  1N  0043.47E+0"
2026-02-06 10:59:15,END
2026-02-06 10:59:15,V  1N  0228.70E+0
2026-02-06 10:59:15,A  1N  00.3361E+0
2026-02-06 10:59:15,W  1N  0043.63E+0
2026-02-06 10:59:16,"HzV1N  050.005E+0,W  1N  0043.63E+0"
2026-02-06 10:59:16,END
2026-02-06 10:59:16,V  1N  0228.98E+0
2026-02-06 10:59:16,A  1N  00.3353E+0
2026-02-06 10:59:16,W  1N  0043.49E+0
2026-02-06 10:59:16,"HzV1N  050.004E+0,W  1N  0043.49E+0"
2026-02-06 10:59:16,END
2026-02-06 10:59:16,V  1N  0228.99E+0
2026-02-06 10:59:16,A  1N  00.3355E+0
2026-02-06 10:59:16,W  1N  0043.56E+0
2026-02-06 10:59:16,"HzV1N  050.004E+0,W  1N  0043.56E+0"
2026-02-06 10:59:16,END
2026-02-06 10:59:16,V  1N  0228.97E+0
2026-02-06 10:59:16,A  1N  00.3353E+0
2026-02-06 10:59:16,W  1N  0043.60E+0
2026-02-06 10:59:16,"HzV1N  050.007E+0,W  1N  0043.60E+0"
2026-02-06 10:59:16,END
2026-02-06 10:59:16,V  1N  0228.93E+0
2026-02-06 10:59:16,A  1N  00.3344E+0
2026-02-06 10:59:16,W  1N  0043.44E+0
2026-02-06 10:59:17,"HzV1N  050.005E+0,W  1N  0043.44E+0"
2026-02-06 10:59:17,END
2026-02-06 10:59:17,V  1N  0228.86E+0
2026-02-06 10:59:17,A  1N  00.3344E+0
2026-02-06 10:59:17,W  1N  0043.47E+0
2026-02-06 10:59:17,"HzV1N  050.004E+0,W  1N  0043.47E+0"
2026-02-06 10:59:17,END
2026-02-06 10:59:17,V  1N  0228.76E+0
2026-02-06 10:59:17,A  1N  00.3349E+0
2026-02-06 10:59:17,W  1N  0043.52E+0
2026-02-06 10:59:17,"HzV1N  050.002E+0,W  1N  0043.52E+0"
2026-02-06 10:59:17,END
2026-02-06 10:59:17,V  1N  0228.56E+0
2026-02-06 10:59:17,A  1N  00.3348E+0
2026-02-06 10:59:17,W  1N  0043.53E+0
2026-02-06 10:59:17,"HzV1N  050.004E+0,W  1N  0043.53E+0"
2026-02-06 10:59:17,END
2026-02-06 10:59:17,V  1N  0227.55E+0
2026-02-06 10:59:17,A  1N  00.3298E+0
2026-02-06 10:59:17,W  1N  0042.17E+0
2026-02-06 10:59:18,"HzV1N  050.002E+0,W  1N  0042.17E+0"
2026-02-06 10:59:18,END
2026-02-06 10:59:18,V  1N  0227.62E+0
2026-02-06 10:59:18,A  1N  00.3298E+0
2026-02-06 10:59:18,W  1N  0042.17E+0
2026-02-06 10:59:18,"HzV1N  050.000E+0,W  1N  0042.17E+0"
2026-02-06 10:59:18,END
2026-02-06 10:59:18,V  1N  0227.56E+0
2026-02-06 10:59:18,A  1N  00.3293E+0
2026-02-06 10:59:18,W  1N  0042.16E+0
2026-02-06 10:59:18,"HzV1N  049.996E+0,W  1N  0042.16E+0"
2026-02-06 10:59:18,END
2026-02-06 10:59:18,V  1N  0228.81E+0
2026-02-06 10:59:18,A  1N  00.3357E+0
2026-02-06 10:59:18,W  1N  0043.63E+0
2026-02-06 10:59:18,"HzV1N  049.996E+0,W  1N  0043.63E+0"
2026-02-06 10:59:18,END
2026-02-06 10:59:18,V  1N  0227.73E+0
2026-02-06 10:59:18,A  1N  00.3301E+0
2026-02-06 10:59:18,W  1N  0042.15E+0
2026-02-06 10:59:19,"HzV1N  049.993E+0,W  1N  0042.15E+0"
2026-02-06 10:59:19,END
2026-02-06 10:59:19,V  1N  0228.87E+0
2026-02-06 10:59:19,A  1N  00.3362E+0
2026-02-06 10:59:19,W  1N  0043.58E+0
2026-02-06 10:59:19,"HzV1N  049.993E+0,W  1N  0043.58E+0"
2026-02-06 10:59:19,END
2026-02-06 10:59:19,V  1N  0228.81E+0
2026-02-06 10:59:19,A  1N  00.3360E+0
2026-02-06 10:59:19,W  1N  0043.51E+0
2026-02-06 10:59:19,"HzV1N  049.995E+0,W  1N  0043.51E+0"
2026-02-06 10:59:19,END
2026-02-06 10:59:19,V  1N  0228.75E+0
2026-02-06 10:59:19,A  1N  00.3359E+0
2026-02-06 10:59:19,W  1N  0043.60E+0
2026-02-06 10:59:19,"HzV1N  049.995E+0,W  1N  0043.60E+0"
2026-02-06 10:59:19,END
2026-02-06 10:59:19,V  1N  0228.86E+0
2026-02-06 10:59:19,A  1N  00.3351E+0
2026-02-06 10:59:19,W  1N  0043.62E+0
2026-02-06 10:59:20,"HzV1N  049.996E+0,W  1N  0043.62E+0"
2026-02-06 10:59:20,END
2026-02-06 10:59:20,V  1N  0229.04E+0
2026-02-06 10:59:20,A  1N  00.3343E+0
2026-02-06 10:59:20,W  1N  0043.44E+0
2026-02-06 10:59:20,"HzV1N  049.998E+0,W  1N  0043.44E+0"
2026-02-06 10:59:20,END
2026-02-06 10:59:20,V  1N  0228.92E+0
2026-02-06 10:59:20,A  1N  00.3363E+0
2026-02-06 10:59:20,W  1N  0043.66E+0
2026-02-06 10:59:20,"HzV1N  050.000E+0,W  1N  0043.66E+0"
2026-02-06 10:59:20,END
2026-02-06 10:59:20,V  1N  0229.22E+0
2026-02-06 10:59:20,A  1N  00.3347E+0
2026-02-06 10:59:20,W  1N  0043.51E+0
2026-02-06 10:59:20,"HzV1N  050.004E+0,W  1N  0043.51E+0"
2026-02-06 10:59:20,END
2026-02-06 10:59:20,V  1N  0227.88E+0
2026-02-06 10:59:20,A  1N  00.3292E+0
2026-02-06 10:59:20,W  1N  0042.25E+0
2026-02-06 10:59:21,"HzV1N  050.004E+0,W  1N  0042.25E+0"
2026-02-06 10:59:21,END
2026-02-06 10:59:21,V  1N  0230.42E+0
2026-02-06 10:59:21,A  1N  00.3395E+0
2026-02-06 10:59:21,W  1N  0044.92E+0
2026-02-06 10:59:21,"HzV1N  050.004E+0,W  1N  0044.92E+0"
2026-02-06 10:59:21,END
2026-02-06 10:59:21,V  1N  0229.21E+0
2026-02-06 10:59:21,A  1N  00.3347E+0
2026-02-06 10:59:21,W  1N  0043.55E+0
2026-02-06 10:59:21,"HzV1N  050.005E+0,W  1N  0043.55E+0"
2026-02-06 10:59:21,END
2026-02-06 10:59:21,V  1N  0229.22E+0
2026-02-06 10:59:21,A  1N  00.3342E+0
2026-02-06 10:59:21,W  1N  0043.50E+0
2026-02-06 10:59:21,"HzV1N  050.009E+0,W  1N  0043.50E+0"
2026-02-06 10:59:21,END
2026-02-06 10:59:21,V  1N  0228.00E+0
2026-02-06 10:59:21,A  1N  00.3296E+0
2026-02-06 10:59:21,W  1N  0042.18E+0
2026-02-06 10:59:22,"HzV1N  050.009E+0,W  1N  0042.18E+0"
2026-02-06 10:59:22,END
2026-02-06 10:59:22,V  1N  0230.21E+0
2026-02-06 10:59:22,A  1N  00.3398E+0
2026-02-06 10:59:22,W  1N  0044.90E+0
2026-02-06 10:59:22,"HzV1N  050.011E+0,W  1N  0044.90E+0"
2026-02-06 10:59:22,END
2026-02-06 10:59:22,V  1N  0228.06E+0
2026-02-06 10:59:22,A  1N  00.3309E+0
2026-02-06 10:59:22,W  1N  0042.30E+0
2026-02-06 10:59:22,"HzV1N  050.011E+0,W  1N  0042.30E+0"
2026-02-06 10:59:22,END
2026-02-06 10:59:22,V  1N  0227.99E+0
2026-02-06 10:59:22,A  1N  00.3305E+0
2026-02-06 10:59:22,W  1N  0042.05E+0
2026-02-06 10:59:22,"HzV1N  050.011E+0,W  1N  0042.05E+0"
2026-02-06 10:59:22,END
2026-02-06 10:59:22,V  1N  0228.84E+0
2026-02-06 10:59:22,A  1N  00.3371E+0
2026-02-06 10:59:22,W  1N  0043.65E+0
2026-02-06 10:59:23,"HzV1N  050.013E+0,W  1N  0043.65E+0"
2026-02-06 10:59:23,END
2026-02-06 10:59:23,V  1N  0227.85E+0
2026-02-06 10:59:23,A  1N  00.3305E+0
2026-02-06 10:59:23,W  1N  0042.04E+0
2026-02-06 10:59:23,"HzV1N  050.013E+0,W  1N  0042.04E+0"
2026-02-06 10:59:23,END
2026-02-06 10:59:23,V  1N  0227.87E+0
2026-02-06 10:59:23,A  1N  00.3314E+0
2026-02-06 10:59:23,W  1N  0042.12E+0
2026-02-06 10:59:23,"HzV1N  050.011E+0,W  1N  0042.12E+0"
2026-02-06 10:59:23,END
2026-02-06 10:59:23,V  1N  0227.74E+0
2026-02-06 10:59:23,A  1N  00.3302E+0
2026-02-06 10:59:23,W  1N  0042.06E+0
2026-02-06 10:59:23,"HzV1N  050.009E+0,W  1N  0042.06E+0"
2026-02-06 10:59:23,END
2026-02-06 10:59:23,V  1N  0227.68E+0
2026-02-06 10:59:23,A  1N  00.3304E+0
2026-02-06 10:59:23,W  1N  0042.04E+0
2026-02-06 10:59:24,"HzV1N  050.009E+0,W  1N  0042.04E+0"
2026-02-06 10:59:24,END
2026-02-06 10:59:24,V  1N  0228.58E+0
2026-02-06 10:59:24,A  1N  00.3364E+0
2026-02-06 10:59:24,W  1N  0043.53E+0
2026-02-06 10:59:24,"HzV1N  050.005E+0,W  1N  0043.53E+0"
2026-02-06 10:59:24,END
2026-02-06 10:59:24,V  1N  0227.61E+0
2026-02-06 10:59:24,A  1N  00.3300E+0
2026-02-06 10:59:24,W  1N  0042.06E+0
2026-02-06 10:59:24,"HzV1N  050.004E+0,W  1N  0042.06E+0"
2026-02-06 10:59:24,END
2026-02-06 10:59:24,V  1N  0228.62E+0
2026-02-06 10:59:24,A  1N  00.3353E+0
2026-02-06 10:59:24,W  1N  0043.50E+0
2026-02-06 10:59:24,"HzV1N  050.004E+0,W  1N  0043.50E+0"
2026-02-06 10:59:24,END
2026-02-06 10:59:24,V  1N  0227.56E+0
2026-02-06 10:59:24,A  1N  00.3301E+0
2026-02-06 10:59:24,W  1N  0042.07E+0
2026-02-06 10:59:25,"HzV1N  050.004E+0,W  1N  0042.07E+0"
2026-02-06 10:59:25,END
2026-02-06 10:59:25,V  1N  0227.57E+0
2026-02-06 10:59:25,A  1N  00.3308E+0
2026-02-06 10:59:25,W  1N  0042.19E+0
2026-02-06 10:59:25,"HzV1N  050.002E+0,W  1N  0042.19E+0"
2026-02-06 10:59:25,END
2026-02-06 10:59:25,V  1N  0227.64E+0
2026-02-06 10:59:25,A  1N  00.3307E+0
2026-02-06 10:59:25,W  1N  0042.07E+0
2026-02-06 10:59:25,"HzV1N  049.998E+0,W  1N  0042.07E+0"
2026-02-06 10:59:25,END
2026-02-06 10:59:25,V  1N  0227.72E+0
2026-02-06 10:59:25,A  1N  00.3312E+0
2026-02-06 10:59:25,W  1N  0042.29E+0
2026-02-06 10:59:25,"HzV1N  049.998E+0,W  1N  0042.29E+0"
2026-02-06 10:59:25,END
2026-02-06 10:59:25,V  1N  0227.89E+0
2026-02-06 10:59:25,A  1N  00.3296E+0
2026-02-06 10:59:25,W  1N  0042.07E+0
2026-02-06 10:59:26,"HzV1N  050.000E+0,W  1N  0042.07E+0"
2026-02-06 10:59:26,END
2026-02-06 10:59:26,V  1N  0227.81E+0
2026-02-06 10:59:26,A  1N  00.3304E+0
2026-02-06 10:59:26,W  1N  0042.27E+0
2026-02-06 10:59:26,"HzV1N  049.998E+0,W  1N  0042.27E+0"
2026-02-06 10:59:26,END
2026-02-06 10:59:26,V  1N  0227.97E+0
2026-02-06 10:59:26,A  1N  00.3297E+0
2026-02-06 10:59:26,W  1N  0042.14E+0
2026-02-06 10:59:26,"HzV1N  050.000E+0,W  1N  0042.14E+0"
2026-02-06 10:59:26,END
2026-02-06 10:59:26,V  1N  0227.91E+0
2026-02-06 10:59:26,A  1N  00.3301E+0
2026-02-06 10:59:26,W  1N  0042.22E+0
2026-02-06 10:59:26,"HzV1N  050.004E+0,W  1N  0042.22E+0"
2026-02-06 10:59:26,END
2026-02-06 10:59:26,V  1N  0228.05E+0
2026-02-06 10:59:26,A  1N  00.3296E+0
2026-02-06 10:59:26,W  1N  0042.14E+0
2026-02-06 10:59:27,"HzV1N  050.004E+0,W  1N  0042.14E+0"
2026-02-06 10:59:27,END
2026-02-06 10:59:27,V  1N  0229.23E+0
2026-02-06 10:59:27,A  1N  00.3345E+0
2026-02-06 10:59:27,W  1N  0043.56E+0
2026-02-06 10:59:27,"HzV1N  050.005E+0,W  1N  0043.56E+0"
2026-02-06 10:59:27,END
2026-02-06 10:59:27,V  1N  0228.21E+0
2026-02-06 10:59:27,A  1N  00.3293E+0
2026-02-06 10:59:27,W  1N  0042.17E+0
2026-02-06 10:59:27,"HzV1N  050.007E+0,W  1N  0042.17E+0"
2026-02-06 10:59:27,END
2026-02-06 10:59:27,V  1N  0229.25E+0
2026-02-06 10:59:27,A  1N  00.3354E+0
2026-02-06 10:59:27,W  1N  0043.53E+0
2026-02-06 10:59:27,"HzV1N  050.007E+0,W  1N  0043.53E+0"
2026-02-06 10:59:27,END
2026-02-06 10:59:27,V  1N  0227.94E+0
2026-02-06 10:59:27,A  1N  00.3301E+0
2026-02-06 10:59:27,W  1N  0042.20E+0
2026-02-06 10:59:28,"HzV1N  050.009E+0,W  1N  0042.20E+0"
2026-02-06 10:59:28,END
2026-02-06 10:59:28,V  1N  0229.20E+0
2026-02-06 10:59:28,A  1N  00.3355E+0
2026-02-06 10:59:28,W  1N  0043.56E+0
2026-02-06 10:59:28,"HzV1N  050.009E+0,W  1N  0043.56E+0"
2026-02-06 10:59:28,END
2026-02-06 10:59:28,V  1N  0228.16E+0
2026-02-06 10:59:28,A  1N  00.3303E+0
2026-02-06 10:59:28,W  1N  0042.16E+0
2026-02-06 10:59:28,"HzV1N  050.007E+0,W  1N  0042.16E+0"
2026-02-06 10:59:28,END
2026-02-06 10:59:28,V  1N  0229.61E+0
2026-02-06 10:59:28,A  1N  00.3356E+0
2026-02-06 10:59:28,W  1N  0043.43E+0
2026-02-06 10:59:28,"HzV1N  050.011E+0,W  1N  0043.43E+0"
2026-02-06 10:59:28,END
2026-02-06 10:59:28,V  1N  0228.10E+0
2026-02-06 10:59:28,A  1N  00.3302E+0
2026-02-06 10:59:28,W  1N  0042.15E+0
2026-02-06 10:59:29,"HzV1N  050.011E+0,W  1N  0042.15E+0"
2026-02-06 10:59:29,END
2026-02-06 10:59:29,V  1N  0228.10E+0
2026-02-06 10:59:29,A  1N  00.3303E+0
2026-02-06 10:59:29,W  1N  0042.10E+0
2026-02-06 10:59:29,"HzV1N  050.011E+0,W  1N  0042.10E+0"
2026-02-06 10:59:29,END
2026-02-06 10:59:29,V  1N  0227.98E+0
2026-02-06 10:59:29,A  1N  00.3316E+0
2026-02-06 10:59:29,W  1N  0042.13E+0
2026-02-06 10:59:29,"HzV1N  050.011E+0,W  1N  0042.13E+0"
2026-02-06 10:59:29,END
2026-02-06 10:59:29,V  1N  0228.03E+0
2026-02-06 10:59:29,A  1N  00.3312E+0
2026-02-06 10:59:29,W  1N  0042.08E+0
2026-02-06 10:59:29,"HzV1N  050.011E+0,W  1N  0042.08E+0"
2026-02-06 10:59:29,END
2026-02-06 10:59:29,V  1N  0227.97E+0
2026-02-06 10:59:29,A  1N  00.3319E+0
2026-02-06 10:59:29,W  1N  0042.09E+0
2026-02-06 10:59:30,"HzV1N  050.011E+0,W  1N  0042.09E+0"
2026-02-06 10:59:30,END
2026-02-06 10:59:30,V  1N  0229.01E+0
2026-02-06 10:59:30,A  1N  00.3370E+0
2026-02-06 10:59:30,W  1N  0043.51E+0
2026-02-06 10:59:30,"HzV1N  050.009E+0,W  1N  0043.51E+0"
2026-02-06 10:59:30,END
2026-02-06 10:59:30,V  1N  0228.02E+0
2026-02-06 10:59:30,A  1N  00.3310E+0
2026-02-06 10:59:30,W  1N  0042.04E+0
2026-02-06 10:59:30,"HzV1N  050.011E+0,W  1N  0042.04E+0"
2026-02-06 10:59:30,END
2026-02-06 10:59:30,V  1N  0227.78E+0
2026-02-06 10:59:30,A  1N  00.3313E+0
2026-02-06 10:59:30,W  1N  0042.12E+0
2026-02-06 10:59:30,"HzV1N  050.007E+0,W  1N  0042.12E+0"
2026-02-06 10:59:30,END
2026-02-06 10:59:30,V  1N  0227.84E+0
2026-02-06 10:59:30,A  1N  00.3318E+0
2026-02-06 10:59:30,W  1N  0042.10E+0
2026-02-06 10:59:31,"HzV1N  050.009E+0,W  1N  0042.10E+0"
2026-02-06 10:59:31,END
2026-02-06 10:59:31,V  1N  0228.82E+0
2026-02-06 10:59:31,A  1N  00.3366E+0
2026-02-06 10:59:31,W  1N  0043.44E+0
2026-02-06 10:59:31,"HzV1N  050.007E+0,W  1N  0043.44E+0"
2026-02-06 10:59:31,END
2026-02-06 10:59:31,V  1N  0227.85E+0
2026-02-06 10:59:31,A  1N  00.3323E+0
2026-02-06 10:59:31,W  1N  0042.19E+0
2026-02-06 10:59:31,"HzV1N  050.009E+0,W  1N  0042.19E+0"
2026-02-06 10:59:31,END
2026-02-06 10:59:31,V  1N  0227.72E+0
2026-02-06 10:59:31,A  1N  00.3325E+0
2026-02-06 10:59:31,W  1N  0042.19E+0
2026-02-06 10:59:31,"HzV1N  050.009E+0,W  1N  0042.19E+0"
2026-02-06 10:59:31,END
2026-02-06 10:59:31,V  1N  0227.78E+0
2026-02-06 10:59:31,A  1N  00.3319E+0
2026-02-06 10:59:31,W  1N  0042.12E+0
2026-02-06 10:59:32,"HzV1N  050.009E+0,W  1N  0042.12E+0"
2026-02-06 10:59:32,END
2026-02-06 10:59:32,V  1N  0227.55E+0
2026-02-06 10:59:32,A  1N  00.3320E+0
2026-02-06 10:59:32,W  1N  0042.22E+0
2026-02-06 10:59:32,"HzV1N  050.007E+0,W  1N  0042.22E+0"
2026-02-06 10:59:32,END
2026-02-06 10:59:32,V  1N  0227.85E+0
2026-02-06 10:59:32,A  1N  00.3317E+0
2026-02-06 10:59:32,W  1N  0042.07E+0
2026-02-06 10:59:32,"HzV1N  050.009E+0,W  1N  0042.07E+0"
2026-02-06 10:59:32,END
2026-02-06 10:59:32,V  1N  0227.58E+0
2026-02-06 10:59:32,A  1N  00.3319E+0
2026-02-06 10:59:32,W  1N  0042.16E+0
2026-02-06 10:59:32,"HzV1N  050.009E+0,W  1N  0042.16E+0"
2026-02-06 10:59:32,END
2026-02-06 10:59:32,V  1N  0227.89E+0
2026-02-06 10:59:32,A  1N  00.3318E+0
2026-02-06 10:59:32,W  1N  0042.19E+0
2026-02-06 10:59:33,"HzV1N  050.009E+0,W  1N  0042.19E+0"
2026-02-06 10:59:33,END
2026-02-06 10:59:33,V  1N  0228.98E+0
2026-02-06 10:59:33,A  1N  00.3357E+0
2026-02-06 10:59:33,W  1N  0043.49E+0
2026-02-06 10:59:33,"HzV1N  050.011E+0,W  1N  0043.49E+0"
2026-02-06 10:59:33,END
2026-02-06 10:59:33,V  1N  0227.83E+0
2026-02-06 10:59:33,A  1N  00.3308E+0
2026-02-06 10:59:33,W  1N  0042.10E+0
2026-02-06 10:59:33,"HzV1N  050.009E+0,W  1N  0042.10E+0"
2026-02-06 10:59:33,END
2026-02-06 10:59:33,V  1N  0228.99E+0
2026-02-06 10:59:33,A  1N  00.3370E+0
2026-02-06 10:59:33,W  1N  0043.59E+0
2026-02-06 10:59:33,"HzV1N  050.007E+0,W  1N  0043.59E+0"
2026-02-06 10:59:33,END
2026-02-06 10:59:33,V  1N  0227.78E+0
2026-02-06 10:59:33,A  1N  00.3311E+0
2026-02-06 10:59:33,W  1N  0042.11E+0
2026-02-06 10:59:34,"HzV1N  050.009E+0,W  1N  0042.11E+0"
2026-02-06 10:59:34,END
2026-02-06 10:59:34,V  1N  0228.92E+0
2026-02-06 10:59:34,A  1N  00.3366E+0
2026-02-06 10:59:34,W  1N  0043.53E+0
2026-02-06 10:59:34,"HzV1N  050.007E+0,W  1N  0043.53E+0"
2026-02-06 10:59:34,END
2026-02-06 10:59:34,V  1N  0228.00E+0
2026-02-06 10:59:34,A  1N  00.3310E+0
2026-02-06 10:59:34,W  1N  0042.05E+0
2026-02-06 10:59:34,"HzV1N  050.009E+0,W  1N  0042.05E+0"
2026-02-06 10:59:34,END
2026-02-06 10:59:34,V  1N  0227.97E+0
2026-02-06 10:59:34,A  1N  00.3314E+0
2026-02-06 10:59:34,W  1N  0042.15E+0
2026-02-06 10:59:34,"HzV1N  050.011E+0,W  1N  0042.15E+0"
2026-02-06 10:59:34,END
2026-02-06 10:59:34,V  1N  0228.16E+0
2026-02-06 10:59:34,A  1N  00.3312E+0
2026-02-06 10:59:34,W  1N  0042.09E+0
2026-02-06 10:59:35,"HzV1N  050.011E+0,W  1N  0042.09E+0"
2026-02-06 10:59:35,END
2026-02-06 10:59:35,V  1N  0228.14E+0
2026-02-06 10:59:35,A  1N  00.3309E+0
2026-02-06 10:59:35,W  1N  0042.13E+0
2026-02-06 10:59:35,"HzV1N  050.009E+0,W  1N  0042.13E+0"
2026-02-06 10:59:35,END
2026-02-06 10:59:35,V  1N  0229.10E+0
2026-02-06 10:59:35,A  1N  00.3361E+0
2026-02-06 10:59:35,W  1N  0043.50E+0
2026-02-06 10:59:35,"HzV1N  050.011E+0,W  1N  0043.50E+0"
2026-02-06 10:59:35,END
2026-02-06 10:59:35,V  1N  0228.03E+0
2026-02-06 10:59:35,A  1N  00.3314E+0
2026-02-06 10:59:35,W  1N  0042.21E+0
2026-02-06 10:59:35,"HzV1N  050.011E+0,W  1N  0042.21E+0"
2026-02-06 10:59:35,END
2026-02-06 10:59:35,V  1N  0228.06E+0
2026-02-06 10:59:35,A  1N  00.3312E+0
2026-02-06 10:59:35,W  1N  0042.19E+0
2026-02-06 10:59:36,"HzV1N  050.013E+0,W  1N  0042.19E+0"
2026-02-06 10:59:36,END
2026-02-06 10:59:36,V  1N  0229.37E+0
2026-02-06 10:59:36,A  1N  00.3371E+0
2026-02-06 10:59:36,W  1N  0043.57E+0
2026-02-06 10:59:36,"HzV1N  050.016E+0,W  1N  0043.57E+0"
2026-02-06 10:59:36,END
2026-02-06 10:59:36,V  1N  0230.78E+0
2026-02-06 10:59:36,A  1N  00.3408E+0
2026-02-06 10:59:36,W  1N  0044.79E+0
2026-02-06 10:59:36,"HzV1N  050.016E+0,W  1N  0044.79E+0"
2026-02-06 10:59:36,END
2026-02-06 10:59:36,V  1N  0229.39E+0
2026-02-06 10:59:36,A  1N  00.3362E+0
2026-02-06 10:59:36,W  1N  0043.49E+0
2026-02-06 10:59:36,"HzV1N  050.014E+0,W  1N  0043.49E+0"
2026-02-06 10:59:36,END
2026-02-06 10:59:36,V  1N  0230.52E+0
2026-02-06 10:59:36,A  1N  00.3411E+0
2026-02-06 10:59:36,W  1N  0044.91E+0
2026-02-06 10:59:37,"HzV1N  050.018E+0,W  1N  0044.91E+0"
2026-02-06 10:59:37,END
2026-02-06 10:59:37,V  1N  0229.32E+0
2026-02-06 10:59:37,A  1N  00.3350E+0
2026-02-06 10:59:37,W  1N  0043.41E+0
2026-02-06 10:59:37,"HzV1N  050.018E+0,W  1N  0043.41E+0"
2026-02-06 10:59:37,END
2026-02-06 10:59:37,V  1N  0230.25E+0
2026-02-06 10:59:37,A  1N  00.3411E+0
2026-02-06 10:59:37,W  1N  0044.84E+0
2026-02-06 10:59:37,"HzV1N  050.020E+0,W  1N  0044.84E+0"
2026-02-06 10:59:37,END
2026-02-06 10:59:37,V  1N  0230.35E+0
2026-02-06 10:59:37,A  1N  00.3408E+0
2026-02-06 10:59:37,W  1N  0044.80E+0
2026-02-06 10:59:37,"HzV1N  050.020E+0,W  1N  0044.80E+0"
2026-02-06 10:59:37,END
2026-02-06 10:59:37,V  1N  0230.47E+0
2026-02-06 10:59:37,A  1N  00.3407E+0
2026-02-06 10:59:37,W  1N  0044.81E+0
2026-02-06 10:59:38,"HzV1N  050.018E+0,W  1N  0044.81E+0"
2026-02-06 10:59:38,END
2026-02-06 10:59:38,V  1N  0229.39E+0
2026-02-06 10:59:38,A  1N  00.3342E+0
2026-02-06 10:59:38,W  1N  0043.20E+0
2026-02-06 10:59:38,"HzV1N  050.018E+0,W  1N  0043.20E+0"
2026-02-06 10:59:38,END
2026-02-06 10:59:38,V  1N  0230.47E+0
2026-02-06 10:59:38,A  1N  00.3404E+0
2026-02-06 10:59:38,W  1N  0044.76E+0
2026-02-06 10:59:38,"HzV1N  050.021E+0,W  1N  0044.76E+0"
2026-02-06 10:59:38,END
2026-02-06 10:59:38,V  1N  0230.61E+0
2026-02-06 10:59:38,A  1N  00.3398E+0
2026-02-06 10:59:38,W  1N  0044.65E+0
2026-02-06 10:59:38,"HzV1N  050.021E+0,W  1N  0044.65E+0"
2026-02-06 10:59:38,END
2026-02-06 10:59:38,V  1N  0230.45E+0
2026-02-06 10:59:38,A  1N  00.3401E+0
2026-02-06 10:59:38,W  1N  0044.67E+0
2026-02-06 10:59:39,"HzV1N  050.021E+0,W  1N  0044.67E+0"
2026-02-06 10:59:39,END
2026-02-06 10:59:39,V  1N  0230.27E+0
2026-02-06 10:59:39,A  1N  00.3400E+0
2026-02-06 10:59:39,W  1N  0044.72E+0
2026-02-06 10:59:39,"HzV1N  050.020E+0,W  1N  0044.72E+0"
2026-02-06 10:59:39,END
2026-02-06 10:59:39,V  1N  0230.22E+0
2026-02-06 10:59:39,A  1N  00.3408E+0
2026-02-06 10:59:39,W  1N  0044.76E+0
2026-02-06 10:59:39,"HzV1N  050.020E+0,W  1N  0044.76E+0"
2026-02-06 10:59:39,END
2026-02-06 10:59:39,V  1N  0230.18E+0
2026-02-06 10:59:39,A  1N  00.3406E+0
2026-02-06 10:59:39,W  1N  0044.87E+0
2026-02-06 10:59:39,"HzV1N  050.018E+0,W  1N  0044.87E+0"
2026-02-06 10:59:39,END
2026-02-06 10:59:39,V  1N  0230.41E+0
2026-02-06 10:59:39,A  1N  00.3397E+0
2026-02-06 10:59:39,W  1N  0044.73E+0
2026-02-06 10:59:40,"HzV1N  050.016E+0,W  1N  0044.73E+0"
2026-02-06 10:59:40,END
2026-02-06 10:59:40,V  1N  0229.05E+0
2026-02-06 10:59:40,A  1N  00.3351E+0
2026-02-06 10:59:40,W  1N  0043.51E+0
2026-02-06 10:59:40,"HzV1N  050.020E+0,W  1N  0043.51E+0"
2026-02-06 10:59:40,END
2026-02-06 10:59:40,V  1N  0230.45E+0
2026-02-06 10:59:40,A  1N  00.3402E+0
2026-02-06 10:59:40,W  1N  0044.76E+0
2026-02-06 10:59:40,"HzV1N  050.020E+0,W  1N  0044.76E+0"
2026-02-06 10:59:40,END
2026-02-06 10:59:40,V  1N  0229.27E+0
2026-02-06 10:59:40,A  1N  00.3349E+0
2026-02-06 10:59:40,W  1N  0043.42E+0
2026-02-06 10:59:40,"HzV1N  050.016E+0,W  1N  0043.42E+0"
2026-02-06 10:59:40,END
2026-02-06 10:59:40,V  1N  0230.42E+0
2026-02-06 10:59:40,A  1N  00.3398E+0
2026-02-06 10:59:40,W  1N  0044.68E+0
2026-02-06 10:59:41,"HzV1N  050.016E+0,W  1N  0044.68E+0"
2026-02-06 10:59:41,END
2026-02-06 10:59:41,V  1N  0230.15E+0
2026-02-06 10:59:41,A  1N  00.3425E+0
2026-02-06 10:59:41,W  1N  0044.93E+0
2026-02-06 10:59:41,"HzV1N  050.016E+0,W  1N  0044.93E+0"
2026-02-06 10:59:41,END
2026-02-06 10:59:41,V  1N  0230.27E+0
2026-02-06 10:59:41,A  1N  00.3420E+0
2026-02-06 10:59:41,W  1N  0044.83E+0
2026-02-06 10:59:41,"HzV1N  050.016E+0,W  1N  0044.83E+0"
2026-02-06 10:59:41,END
2026-02-06 10:59:41,V  1N  0230.19E+0
2026-02-06 10:59:41,A  1N  00.3425E+0
2026-02-06 10:59:41,W  1N  0044.97E+0
2026-02-06 10:59:41,"HzV1N  050.016E+0,W  1N  0044.97E+0"
2026-02-06 10:59:41,END
2026-02-06 10:59:41,V  1N  0230.30E+0
2026-02-06 10:59:41,A  1N  00.3406E+0
2026-02-06 10:59:41,W  1N  0044.82E+0
2026-02-06 10:59:42,"HzV1N  050.016E+0,W  1N  0044.82E+0"
2026-02-06 10:59:42,END
2026-02-06 10:59:42,V  1N  0230.48E+0
2026-02-06 10:59:42,A  1N  00.3404E+0
2026-02-06 10:59:42,W  1N  0044.93E+0
2026-02-06 10:59:42,"HzV1N  050.016E+0,W  1N  0044.93E+0"
2026-02-06 10:59:42,END
2026-02-06 10:59:42,V  1N  0229.18E+0
2026-02-06 10:59:42,A  1N  00.3353E+0
2026-02-06 10:59:42,W  1N  0043.51E+0
2026-02-06 10:59:42,"HzV1N  050.016E+0,W  1N  0043.51E+0"
2026-02-06 10:59:42,END
2026-02-06 10:59:42,V  1N  0230.78E+0
2026-02-06 10:59:42,A  1N  00.3408E+0
2026-02-06 10:59:42,W  1N  0044.85E+0
2026-02-06 10:59:42,"HzV1N  050.020E+0,W  1N  0044.85E+0"
2026-02-06 10:59:42,END
2026-02-06 10:59:42,V  1N  0230.67E+0
2026-02-06 10:59:42,A  1N  00.3396E+0
2026-02-06 10:59:42,W  1N  0044.74E+0
2026-02-06 10:59:43,"HzV1N  050.020E+0,W  1N  0044.74E+0"
2026-02-06 10:59:43,END
2026-02-06 10:59:43,V  1N  0230.56E+0
2026-02-06 10:59:43,A  1N  00.3407E+0
2026-02-06 10:59:43,W  1N  0044.88E+0
2026-02-06 10:59:43,"HzV1N  050.020E+0,W  1N  0044.88E+0"
2026-02-06 10:59:43,END
2026-02-06 10:59:43,V  1N  0230.61E+0
2026-02-06 10:59:43,A  1N  00.3407E+0
2026-02-06 10:59:43,W  1N  0044.80E+0
2026-02-06 10:59:43,"HzV1N  050.020E+0,W  1N  0044.80E+0"
2026-02-06 10:59:43,END
2026-02-06 10:59:43,V  1N  0229.33E+0
2026-02-06 10:59:43,A  1N  00.3362E+0
2026-02-06 10:59:43,W  1N  0043.51E+0
2026-02-06 10:59:43,"HzV1N  050.021E+0,W  1N  0043.51E+0"
2026-02-06 10:59:43,END
2026-02-06 10:59:43,V  1N  0230.68E+0
2026-02-06 10:59:43,A  1N  00.3409E+0
2026-02-06 10:59:43,W  1N  0044.76E+0
2026-02-06 10:59:44,"HzV1N  050.020E+0,W  1N  0044.76E+0"
2026-02-06 10:59:44,END
2026-02-06 10:59:44,V  1N  0230.57E+0
2026-02-06 10:59:44,A  1N  00.3431E+0
2026-02-06 10:59:44,W  1N  0044.87E+0
2026-02-06 10:59:44,"HzV1N  050.021E+0,W  1N  0044.87E+0"
2026-02-06 10:59:44,END
2026-02-06 10:59:44,V  1N  0230.63E+0
2026-02-06 10:59:44,A  1N  00.3420E+0
2026-02-06 10:59:44,W  1N  0044.81E+0
2026-02-06 10:59:44,"HzV1N  050.023E+0,W  1N  0044.81E+0"
2026-02-06 10:59:44,END
2026-02-06 10:59:44,V  1N  0230.68E+0
2026-02-06 10:59:44,A  1N  00.3409E+0
2026-02-06 10:59:44,W  1N  0044.75E+0
2026-02-06 10:59:44,"HzV1N  050.023E+0,W  1N  0044.75E+0"
2026-02-06 10:59:44,END
2026-02-06 10:59:44,V  1N  0230.61E+0
2026-02-06 10:59:44,A  1N  00.3405E+0
2026-02-06 10:59:44,W  1N  0044.81E+0
2026-02-06 10:59:45,"HzV1N  050.025E+0,W  1N  0044.81E+0"
2026-02-06 10:59:45,END
2026-02-06 10:59:45,V  1N  0229.55E+0
2026-02-06 10:59:45,A  1N  00.3356E+0
2026-02-06 10:59:45,W  1N  0043.35E+0
2026-02-06 10:59:45,"HzV1N  050.025E+0,W  1N  0043.35E+0"
2026-02-06 10:59:45,END
2026-02-06 10:59:45,V  1N  0231.00E+0
2026-02-06 10:59:45,A  1N  00.3415E+0
2026-02-06 10:59:45,W  1N  0044.63E+0
2026-02-06 10:59:45,"HzV1N  050.025E+0,W  1N  0044.63E+0"
2026-02-06 10:59:45,END
2026-02-06 10:59:45,V  1N  0230.69E+0
2026-02-06 10:59:45,A  1N  00.3417E+0
2026-02-06 10:59:45,W  1N  0044.68E+0
2026-02-06 10:59:45,"HzV1N  050.027E+0,W  1N  0044.68E+0"
2026-02-06 10:59:45,END
2026-02-06 10:59:45,V  1N  0230.60E+0
2026-02-06 10:59:45,A  1N  00.3413E+0
2026-02-06 10:59:45,W  1N  0044.87E+0
2026-02-06 10:59:46,"HzV1N  050.025E+0,W  1N  0044.87E+0"
2026-02-06 10:59:46,END
2026-02-06 10:59:46,V  1N  0230.71E+0
2026-02-06 10:59:46,A  1N  00.3409E+0
2026-02-06 10:59:46,W  1N  0044.75E+0
2026-02-06 10:59:46,"HzV1N  050.025E+0,W  1N  0044.75E+0"
2026-02-06 10:59:46,END
2026-02-06 10:59:46,V  1N  0230.69E+0
2026-02-06 10:59:46,A  1N  00.3406E+0
2026-02-06 10:59:46,W  1N  0044.80E+0
2026-02-06 10:59:46,"HzV1N  050.025E+0,W  1N  0044.80E+0"
2026-02-06 10:59:46,END
2026-02-06 10:59:46,V  1N  0230.86E+0
2026-02-06 10:59:46,A  1N  00.3402E+0
2026-02-06 10:59:46,W  1N  0044.70E+0
2026-02-06 10:59:46,"HzV1N  050.021E+0,W  1N  0044.70E+0"
2026-02-06 10:59:46,END
2026-02-06 10:59:46,V  1N  0230.79E+0
2026-02-06 10:59:46,A  1N  00.3401E+0
2026-02-06 10:59:46,W  1N  0044.69E+0
2026-02-06 10:59:47,"HzV1N  050.023E+0,W  1N  0044.69E+0"
2026-02-06 10:59:47,END
2026-02-06 10:59:47,V  1N  0230.52E+0
2026-02-06 10:59:47,A  1N  00.3399E+0
2026-02-06 10:59:47,W  1N  0044.81E+0
2026-02-06 10:59:47,"HzV1N  050.020E+0,W  1N  0044.81E+0"
2026-02-06 10:59:47,END
2026-02-06 10:59:47,V  1N  0230.38E+0
2026-02-06 10:59:47,A  1N  00.3405E+0
2026-02-06 10:59:47,W  1N  0044.75E+0
2026-02-06 10:59:47,"HzV1N  050.023E+0,W  1N  0044.75E+0"
2026-02-06 10:59:47,END
2026-02-06 10:59:47,V  1N  0230.45E+0
2026-02-06 10:59:47,A  1N  00.3415E+0
2026-02-06 10:59:47,W  1N  0044.87E+0
2026-02-06 10:59:47,"HzV1N  050.020E+0,W  1N  0044.87E+0"
2026-02-06 10:59:47,END
2026-02-06 10:59:47,V  1N  0230.43E+0
2026-02-06 10:59:47,A  1N  00.3405E+0
2026-02-06 10:59:47,W  1N  0044.72E+0
2026-02-06 10:59:48,"HzV1N  050.020E+0,W  1N  0044.72E+0"
2026-02-06 10:59:48,END
2026-02-06 10:59:48,V  1N  0230.41E+0
2026-02-06 10:59:48,A  1N  00.3410E+0
2026-02-06 10:59:48,W  1N  0044.86E+0
2026-02-06 10:59:48,"HzV1N  050.020E+0,W  1N  0044.86E+0"
2026-02-06 10:59:48,END
2026-02-06 10:59:48,V  1N  0230.46E+0
2026-02-06 10:59:48,A  1N  00.3402E+0
2026-02-06 10:59:48,W  1N  0044.70E+0
2026-02-06 10:59:48,"HzV1N  050.021E+0,W  1N  0044.70E+0"
2026-02-06 10:59:48,END
2026-02-06 10:59:48,V  1N  0230.91E+0
2026-02-06 10:59:48,A  1N  00.3399E+0
2026-02-06 10:59:48,W  1N  0044.57E+0
2026-02-06 10:59:48,"HzV1N  050.021E+0,W  1N  0044.57E+0"
2026-02-06 10:59:48,END
2026-02-06 10:59:48,V  1N  0230.57E+0
2026-02-06 10:59:48,A  1N  00.3396E+0
2026-02-06 10:59:48,W  1N  0044.69E+0
2026-02-06 10:59:49,"HzV1N  050.020E+0,W  1N  0044.69E+0"
2026-02-06 10:59:49,END
2026-02-06 10:59:49,V  1N  0230.59E+0
2026-02-06 10:59:49,A  1N  00.3401E+0
2026-02-06 10:59:49,W  1N  0044.70E+0
2026-02-06 10:59:49,"HzV1N  050.016E+0,W  1N  0044.70E+0"
2026-02-06 10:59:49,END
2026-02-06 10:59:49,V  1N  0230.45E+0
2026-02-06 10:59:49,A  1N  00.3390E+0
2026-02-06 10:59:49,W  1N  0044.62E+0
2026-02-06 10:59:49,"HzV1N  050.020E+0,W  1N  0044.62E+0"
2026-02-06 10:59:49,END
2026-02-06 10:59:49,V  1N  0230.25E+0
2026-02-06 10:59:49,A  1N  00.3408E+0
2026-02-06 10:59:49,W  1N  0044.92E+0
2026-02-06 10:59:49,"HzV1N  050.020E+0,W  1N  0044.92E+0"
2026-02-06 10:59:49,END
2026-02-06 10:59:49,V  1N  0230.32E+0
2026-02-06 10:59:49,A  1N  00.3398E+0
2026-02-06 10:59:49,W  1N  0044.75E+0
2026-02-06 10:59:50,"HzV1N  050.016E+0,W  1N  0044.75E+0"
2026-02-06 10:59:50,END
2026-02-06 10:59:50,V  1N  0230.53E+0
2026-02-06 10:59:50,A  1N  00.3399E+0
2026-02-06 10:59:50,W  1N  0044.77E+0
2026-02-06 10:59:50,"HzV1N  050.016E+0,W  1N  0044.77E+0"
2026-02-06 10:59:50,END
2026-02-06 10:59:50,V  1N  0230.89E+0
2026-02-06 10:59:50,A  1N  00.3386E+0
2026-02-06 10:59:50,W  1N  0044.27E+0
2026-02-06 10:59:50,"HzV1N  050.016E+0,W  1N  0044.27E+0"
2026-02-06 10:59:50,END
2026-02-06 10:59:50,V  1N  0230.36E+0
2026-02-06 10:59:50,A  1N  00.3401E+0
2026-02-06 10:59:50,W  1N  0044.67E+0
2026-02-06 10:59:50,"HzV1N  050.016E+0,W  1N  0044.67E+0"
2026-02-06 10:59:50,END
2026-02-06 10:59:50,V  1N  0230.34E+0
2026-02-06 10:59:50,A  1N  00.3392E+0
2026-02-06 10:59:50,W  1N  0044.73E+0
2026-02-06 10:59:51,"HzV1N  050.018E+0,W  1N  0044.73E+0"
2026-02-06 10:59:51,END
2026-02-06 10:59:51,V  1N  0230.75E+0
2026-02-06 10:59:51,A  1N  00.3389E+0
2026-02-06 10:59:51,W  1N  0044.53E+0
2026-02-06 10:59:51,"HzV1N  050.020E+0,W  1N  0044.53E+0"
2026-02-06 10:59:51,END
2026-02-06 10:59:51,V  1N  0230.31E+0
2026-02-06 10:59:51,A  1N  00.3399E+0
2026-02-06 10:59:51,W  1N  0044.76E+0
2026-02-06 10:59:51,"HzV1N  050.021E+0,W  1N  0044.76E+0"
2026-02-06 10:59:51,END
2026-02-06 10:59:51,V  1N  0230.59E+0
2026-02-06 10:59:51,A  1N  00.3401E+0
2026-02-06 10:59:51,W  1N  0044.73E+0
2026-02-06 10:59:51,"HzV1N  050.021E+0,W  1N  0044.73E+0"
2026-02-06 10:59:51,END
2026-02-06 10:59:51,V  1N  0230.48E+0
2026-02-06 10:59:51,A  1N  00.3400E+0
2026-02-06 10:59:51,W  1N  0044.80E+0
2026-02-06 10:59:52,"HzV1N  050.020E+0,W  1N  0044.80E+0"
2026-02-06 10:59:52,END
2026-02-06 10:59:52,V  1N  0230.69E+0
2026-02-06 10:59:52,A  1N  00.3398E+0
2026-02-06 10:59:52,W  1N  0044.68E+0
2026-02-06 10:59:52,"HzV1N  050.023E+0,W  1N  0044.68E+0"
2026-02-06 10:59:52,END
2026-02-06 10:59:52,V  1N  0229.45E+0
2026-02-06 10:59:52,A  1N  00.3337E+0
2026-02-06 10:59:52,W  1N  0043.33E+0
2026-02-06 10:59:52,"HzV1N  050.020E+0,W  1N  0043.33E+0"
2026-02-06 10:59:52,END
2026-02-06 10:59:52,V  1N  0229.05E+0
2026-02-06 10:59:52,A  1N  00.3339E+0
2026-02-06 10:59:52,W  1N  0043.41E+0
2026-02-06 10:59:52,"HzV1N  050.021E+0,W  1N  0043.41E+0"
2026-02-06 10:59:52,END
2026-02-06 10:59:52,V  1N  0230.26E+0
2026-02-06 10:59:52,A  1N  00.3398E+0
2026-02-06 10:59:52,W  1N  0044.79E+0
2026-02-06 10:59:53,"HzV1N  050.021E+0,W  1N  0044.79E+0"
2026-02-06 10:59:53,END
2026-02-06 10:59:53,V  1N  0227.65E+0
2026-02-06 10:59:53,A  1N  00.3323E+0
2026-02-06 10:59:53,W  1N  0042.50E+0
2026-02-06 10:59:53,"HzV1N  050.021E+0,W  1N  0042.50E+0"
2026-02-06 10:59:53,END
2026-02-06 10:59:53,V  1N  0228.79E+0
2026-02-06 10:59:53,A  1N  00.3389E+0
2026-02-06 10:59:53,W  1N  0044.00E+0
2026-02-06 10:59:53,"HzV1N  050.023E+0,W  1N  0044.00E+0"
2026-02-06 10:59:53,END
2026-02-06 10:59:53,V  1N  0228.81E+0
2026-02-06 10:59:53,A  1N  00.3388E+0
2026-02-06 10:59:53,W  1N  0044.03E+0
2026-02-06 10:59:53,"HzV1N  050.023E+0,W  1N  0044.03E+0"
2026-02-06 10:59:53,END
2026-02-06 10:59:53,V  1N  0228.73E+0
2026-02-06 10:59:53,A  1N  00.3394E+0
2026-02-06 10:59:53,W  1N  0044.00E+0
2026-02-06 10:59:54,"HzV1N  050.021E+0,W  1N  0044.00E+0"
2026-02-06 10:59:54,END
2026-02-06 10:59:54,V  1N  0228.52E+0
2026-02-06 10:59:54,A  1N  00.3357E+0
2026-02-06 10:59:54,W  1N  0043.48E+0
2026-02-06 10:59:54,"HzV1N  050.021E+0,W  1N  0043.48E+0"
2026-02-06 10:59:54,END
2026-02-06 10:59:54,V  1N  0228.60E+0
2026-02-06 10:59:54,A  1N  00.3358E+0
2026-02-06 10:59:54,W  1N  0043.50E+0
2026-02-06 10:59:54,"HzV1N  050.020E+0,W  1N  0043.50E+0"
2026-02-06 10:59:54,END
2026-02-06 10:59:54,V  1N  0227.54E+0
2026-02-06 10:59:54,A  1N  00.3300E+0
2026-02-06 10:59:54,W  1N  0042.05E+0
2026-02-06 10:59:54,"HzV1N  050.020E+0,W  1N  0042.05E+0"
2026-02-06 10:59:54,END
2026-02-06 10:59:54,V  1N  0227.61E+0
2026-02-06 10:59:54,A  1N  00.3301E+0
2026-02-06 10:59:54,W  1N  0042.09E+0
2026-02-06 10:59:55,"HzV1N  050.018E+0,W  1N  0042.09E+0"
2026-02-06 10:59:55,END
2026-02-06 10:59:55,V  1N  0227.59E+0
2026-02-06 10:59:55,A  1N  00.3284E+0
2026-02-06 10:59:55,W  1N  0042.08E+0
2026-02-06 10:59:55,"HzV1N  050.018E+0,W  1N  0042.08E+0"
2026-02-06 10:59:55,END
2026-02-06 10:59:55,V  1N  0227.50E+0
2026-02-06 10:59:55,A  1N  00.3295E+0
2026-02-06 10:59:55,W  1N  0042.14E+0
2026-02-06 10:59:55,"HzV1N  050.020E+0,W  1N  0042.14E+0"
2026-02-06 10:59:55,END
2026-02-06 10:59:55,V  1N  0227.49E+0
2026-02-06 10:59:55,A  1N  00.3288E+0
2026-02-06 10:59:55,W  1N  0042.13E+0
2026-02-06 10:59:55,"HzV1N  050.018E+0,W  1N  0042.13E+0"
2026-02-06 10:59:55,END
2026-02-06 10:59:55,V  1N  0227.64E+0
2026-02-06 10:59:55,A  1N  00.3282E+0
2026-02-06 10:59:55,W  1N  0042.02E+0
2026-02-06 10:59:56,"HzV1N  050.018E+0,W  1N  0042.02E+0"
2026-02-06 10:59:56,END
2026-02-06 10:59:56,V  1N  0227.62E+0
2026-02-06 10:59:56,A  1N  00.3292E+0
2026-02-06 10:59:56,W  1N  0042.09E+0
2026-02-06 10:59:56,"HzV1N  050.018E+0,W  1N  0042.09E+0"
2026-02-06 10:59:56,END
2026-02-06 10:59:56,V  1N  0227.66E+0
2026-02-06 10:59:56,A  1N  00.3290E+0
2026-02-06 10:59:56,W  1N  0042.03E+0
2026-02-06 10:59:56,"HzV1N  050.020E+0,W  1N  0042.03E+0"
2026-02-06 10:59:56,END
2026-02-06 10:59:56,V  1N  0227.57E+0
2026-02-06 10:59:56,A  1N  00.3304E+0
2026-02-06 10:59:56,W  1N  0042.10E+0
2026-02-06 10:59:56,"HzV1N  050.020E+0,W  1N  0042.10E+0"
2026-02-06 10:59:56,END
2026-02-06 10:59:56,V  1N  0227.44E+0
2026-02-06 10:59:56,A  1N  00.3298E+0
2026-02-06 10:59:56,W  1N  0042.03E+0
2026-02-06 10:59:57,"HzV1N  050.018E+0,W  1N  0042.03E+0"
2026-02-06 10:59:57,END
2026-02-06 10:59:57,V  1N  0227.47E+0
2026-02-06 10:59:57,A  1N  00.3294E+0
2026-02-06 10:59:57,W  1N  0042.07E+0
2026-02-06 10:59:57,"HzV1N  050.016E+0,W  1N  0042.07E+0"
2026-02-06 10:59:57,END
2026-02-06 10:59:57,V  1N  0227.31E+0
2026-02-06 10:59:57,A  1N  00.3290E+0
2026-02-06 10:59:57,W  1N  0042.07E+0
2026-02-06 10:59:57,"HzV1N  050.016E+0,W  1N  0042.07E+0"
2026-02-06 10:59:57,END
2026-02-06 10:59:57,V  1N  0227.45E+0
2026-02-06 10:59:57,A  1N  00.3299E+0
2026-02-06 10:59:57,W  1N  0042.20E+0
2026-02-06 10:59:57,"HzV1N  050.016E+0,W  1N  0042.20E+0"
2026-02-06 10:59:57,END
2026-02-06 10:59:57,V  1N  0227.46E+0
2026-02-06 10:59:57,A  1N  00.3292E+0
2026-02-06 10:59:57,W  1N  0042.16E+0
2026-02-06 10:59:58,"HzV1N  050.014E+0,W  1N  0042.16E+0"
2026-02-06 10:59:58,END
2026-02-06 10:59:58,V  1N  0227.59E+0
2026-02-06 10:59:58,A  1N  00.3299E+0
2026-02-06 10:59:58,W  1N  0042.20E+0
2026-02-06 10:59:58,"HzV1N  050.016E+0,W  1N  0042.20E+0"
2026-02-06 10:59:58,END
2026-02-06 10:59:58,V  1N  0227.62E+0
2026-02-06 10:59:58,A  1N  00.3298E+0
2026-02-06 10:59:58,W  1N  0042.12E+0
2026-02-06 10:59:58,"HzV1N  050.018E+0,W  1N  0042.12E+0"
2026-02-06 10:59:58,END
2026-02-06 10:59:58,V  1N  0227.59E+0
2026-02-06 10:59:58,A  1N  00.3307E+0
2026-02-06 10:59:58,W  1N  0042.11E+0
2026-02-06 10:59:58,"HzV1N  050.016E+0,W  1N  0042.11E+0"
2026-02-06 10:59:58,END
2026-02-06 10:59:58,V  1N  0227.50E+0
2026-02-06 10:59:58,A  1N  00.3322E+0
2026-02-06 10:59:58,W  1N  0042.11E+0
2026-02-06 10:59:59,"HzV1N  050.016E+0,W  1N  0042.11E+0"
2026-02-06 10:59:59,END
2026-02-06 10:59:59,V  1N  0227.52E+0
2026-02-06 10:59:59,A  1N  00.3301E+0
2026-02-06 10:59:59,W  1N  0042.08E+0
2026-02-06 10:59:59,"HzV1N  050.013E+0,W  1N  0042.08E+0"
2026-02-06 10:59:59,END
2026-02-06 10:59:59,V  1N  0227.53E+0
2026-02-06 10:59:59,A  1N  00.3286E+0
2026-02-06 10:59:59,W  1N  0042.07E+0
2026-02-06 10:59:59,"HzV1N  050.013E+0,W  1N  0042.07E+0"
2026-02-06 10:59:59,END
2026-02-06 10:59:59,V  1N  0227.52E+0
2026-02-06 10:59:59,A  1N  00.3287E+0
2026-02-06 10:59:59,W  1N  0042.03E+0
2026-02-06 10:59:59,"HzV1N  050.013E+0,W  1N  0042.03E+0"
2026-02-06 10:59:59,END
2026-02-06 10:59:59,V  1N  0228.46E+0
2026-02-06 10:59:59,A  1N  00.3344E+0
2026-02-06 10:59:59,W  1N  0043.54E+0
2026-02-06 11:00:00,"HzV1N  050.011E+0,W  1N  0043.54E+0"
2026-02-06 11:00:00,END
2026-02-06 11:00:00,V  1N  0227.42E+0
2026-02-06 11:00:00,A  1N  00.3293E+0
2026-02-06 11:00:00,W  1N  0042.09E+0
2026-02-06 11:00:00,"HzV1N  050.011E+0,W  1N  0042.09E+0"
2026-02-06 11:00:00,END
2026-02-06 11:00:00,V  1N  0227.42E+0
2026-02-06 11:00:00,A  1N  00.3286E+0
2026-02-06 11:00:00,W  1N  0042.14E+0
2026-02-06 11:00:00,"HzV1N  050.011E+0,W  1N  0042.14E+0"
2026-02-06 11:00:00,END
2026-02-06 11:00:00,V  1N  0227.65E+0
2026-02-06 11:00:00,A  1N  00.3289E+0
2026-02-06 11:00:00,W  1N  0042.11E+0
2026-02-06 11:00:00,"HzV1N  050.009E+0,W  1N  0042.11E+0"
2026-02-06 11:00:00,END
2026-02-06 11:00:00,V  1N  0227.80E+0
2026-02-06 11:00:00,A  1N  00.3301E+0
2026-02-06 11:00:00,W  1N  0042.20E+0
2026-02-06 11:00:01,"HzV1N  050.011E+0,W  1N  0042.20E+0"
2026-02-06 11:00:01,END
2026-02-06 11:00:01,V  1N  0227.76E+0
2026-02-06 11:00:01,A  1N  00.3287E+0
2026-02-06 11:00:01,W  1N  0042.04E+0
2026-02-06 11:00:01,"HzV1N  050.013E+0,W  1N  0042.04E+0"
2026-02-06 11:00:01,END
2026-02-06 11:00:01,V  1N  0228.85E+0
2026-02-06 11:00:01,A  1N  00.3344E+0
2026-02-06 11:00:01,W  1N  0043.51E+0
2026-02-06 11:00:01,"HzV1N  050.014E+0,W  1N  0043.51E+0"
2026-02-06 11:00:01,END
2026-02-06 11:00:01,V  1N  0230.11E+0
2026-02-06 11:00:01,A  1N  00.3395E+0
2026-02-06 11:00:01,W  1N  0044.78E+0
2026-02-06 11:00:01,"HzV1N  050.013E+0,W  1N  0044.78E+0"
2026-02-06 11:00:01,END
2026-02-06 11:00:01,V  1N  0228.92E+0
2026-02-06 11:00:01,A  1N  00.3347E+0
2026-02-06 11:00:01,W  1N  0043.49E+0
2026-02-06 11:00:02,"HzV1N  050.013E+0,W  1N  0043.49E+0"
2026-02-06 11:00:02,END
2026-02-06 11:00:02,V  1N  0230.29E+0
2026-02-06 11:00:02,A  1N  00.3397E+0
2026-02-06 11:00:02,W  1N  0044.63E+0
2026-02-06 11:00:02,"HzV1N  050.011E+0,W  1N  0044.63E+0"
2026-02-06 11:00:02,END
2026-02-06 11:00:02,V  1N  0228.82E+0
2026-02-06 11:00:02,A  1N  00.3360E+0
2026-02-06 11:00:02,W  1N  0043.52E+0
2026-02-06 11:00:02,"HzV1N  050.013E+0,W  1N  0043.52E+0"
2026-02-06 11:00:02,END
2026-02-06 11:00:02,V  1N  0227.68E+0
2026-02-06 11:00:02,A  1N  00.3293E+0
2026-02-06 11:00:02,W  1N  0042.10E+0
2026-02-06 11:00:02,"HzV1N  050.013E+0,W  1N  0042.10E+0"
2026-02-06 11:00:02,END
2026-02-06 11:00:02,V  1N  0230.06E+0
2026-02-06 11:00:02,A  1N  00.3399E+0
2026-02-06 11:00:02,W  1N  0044.89E+0
2026-02-06 11:00:03,"HzV1N  050.014E+0,W  1N  0044.89E+0"
2026-02-06 11:00:03,END
2026-02-06 11:00:03,V  1N  0230.26E+0
2026-02-06 11:00:03,A  1N  00.3388E+0
2026-02-06 11:00:03,W  1N  0044.66E+0
2026-02-06 11:00:03,"HzV1N  050.014E+0,W  1N  0044.66E+0"
2026-02-06 11:00:03,END
2026-02-06 11:00:03,V  1N  0228.51E+0
2026-02-06 11:00:03,A  1N  00.3358E+0
2026-02-06 11:00:03,W  1N  0043.73E+0
2026-02-06 11:00:03,"HzV1N  050.013E+0,W  1N  0043.73E+0"
2026-02-06 11:00:03,END
2026-02-06 11:00:03,V  1N  0228.58E+0
2026-02-06 11:00:03,A  1N  00.3342E+0
2026-02-06 11:00:03,W  1N  0043.49E+0
2026-02-06 11:00:03,"HzV1N  050.013E+0,W  1N  0043.49E+0"
2026-02-06 11:00:03,END
2026-02-06 11:00:03,V  1N  0230.37E+0
2026-02-06 11:00:03,A  1N  00.3396E+0
2026-02-06 11:00:03,W  1N  0044.72E+0
2026-02-06 11:00:04,"HzV1N  050.016E+0,W  1N  0044.72E+0"
2026-02-06 11:00:04,END
2026-02-06 11:00:04,V  1N  0230.31E+0
2026-02-06 11:00:04,A  1N  00.3396E+0
2026-02-06 11:00:04,W  1N  0044.78E+0
2026-02-06 11:00:04,"HzV1N  050.014E+0,W  1N  0044.78E+0"
2026-02-06 11:00:04,END
2026-02-06 11:00:04,V  1N  0230.32E+0
2026-02-06 11:00:04,A  1N  00.3394E+0
2026-02-06 11:00:04,W  1N  0044.77E+0
2026-02-06 11:00:04,"HzV1N  050.016E+0,W  1N  0044.77E+0"
2026-02-06 11:00:04,END
2026-02-06 11:00:04,V  1N  0230.46E+0
2026-02-06 11:00:04,A  1N  00.3402E+0
2026-02-06 11:00:04,W  1N  0044.70E+0
2026-02-06 11:00:04,"HzV1N  050.014E+0,W  1N  0044.70E+0"
2026-02-06 11:00:04,END
2026-02-06 11:00:04,V  1N  0230.86E+0
2026-02-06 11:00:04,A  1N  00.3397E+0
2026-02-06 11:00:04,W  1N  0044.44E+0
2026-02-06 11:00:05,"HzV1N  050.016E+0,W  1N  0044.44E+0"
2026-02-06 11:00:05,END
2026-02-06 11:00:05,V  1N  0230.75E+0
2026-02-06 11:00:05,A  1N  00.3395E+0
2026-02-06 11:00:05,W  1N  0044.41E+0
2026-02-06 11:00:05,"HzV1N  050.014E+0,W  1N  0044.41E+0"
2026-02-06 11:00:05,END
2026-02-06 11:00:05,V  1N  0230.83E+0
2026-02-06 11:00:05,A  1N  00.3401E+0
2026-02-06 11:00:05,W  1N  0044.39E+0
2026-02-06 11:00:05,"HzV1N  050.016E+0,W  1N  0044.39E+0"
2026-02-06 11:00:05,END
2026-02-06 11:00:05,V  1N  0228.70E+0
2026-02-06 11:00:05,A  1N  00.3364E+0
2026-02-06 11:00:05,W  1N  0043.52E+0
2026-02-06 11:00:05,"HzV1N  050.016E+0,W  1N  0043.52E+0"
2026-02-06 11:00:05,END
2026-02-06 11:00:05,V  1N  0230.68E+0
2026-02-06 11:00:05,A  1N  00.3391E+0
2026-02-06 11:00:05,W  1N  0044.34E+0
2026-02-06 11:00:06,"HzV1N  050.018E+0,W  1N  0044.34E+0"
2026-02-06 11:00:06,END
2026-02-06 11:00:06,V  1N  0230.66E+0
2026-02-06 11:00:06,A  1N  00.3392E+0
2026-02-06 11:00:06,W  1N  0044.25E+0
2026-02-06 11:00:06,"HzV1N  050.018E+0,W  1N  0044.25E+0"
2026-02-06 11:00:06,END
2026-02-06 11:00:06,V  1N  0228.67E+0
2026-02-06 11:00:06,A  1N  00.3372E+0
2026-02-06 11:00:06,W  1N  0043.52E+0
2026-02-06 11:00:06,"HzV1N  050.016E+0,W  1N  0043.52E+0"
2026-02-06 11:00:06,END
2026-02-06 11:00:06,V  1N  0228.67E+0
2026-02-06 11:00:06,A  1N  00.3360E+0
2026-02-06 11:00:06,W  1N  0043.49E+0
2026-02-06 11:00:06,"HzV1N  050.016E+0,W  1N  0043.49E+0"
2026-02-06 11:00:06,END
2026-02-06 11:00:06,V  1N  0230.61E+0
2026-02-06 11:00:06,A  1N  00.3396E+0
2026-02-06 11:00:06,W  1N  0044.29E+0
2026-02-06 11:00:07,"HzV1N  050.018E+0,W  1N  0044.29E+0"
2026-02-06 11:00:07,END
2026-02-06 11:00:07,V  1N  0230.29E+0
2026-02-06 11:00:07,A  1N  00.3386E+0
2026-02-06 11:00:07,W  1N  0044.24E+0
2026-02-06 11:00:07,"HzV1N  050.016E+0,W  1N  0044.24E+0"
2026-02-06 11:00:07,END
2026-02-06 11:00:07,V  1N  0230.28E+0
2026-02-06 11:00:07,A  1N  00.3397E+0
2026-02-06 11:00:07,W  1N  0044.24E+0
2026-02-06 11:00:07,"HzV1N  050.014E+0,W  1N  0044.24E+0"
2026-02-06 11:00:07,END
2026-02-06 11:00:07,V  1N  0230.14E+0
2026-02-06 11:00:07,A  1N  00.3392E+0
2026-02-06 11:00:07,W  1N  0044.38E+0
2026-02-06 11:00:07,"HzV1N  050.014E+0,W  1N  0044.38E+0"
2026-02-06 11:00:07,END
2026-02-06 11:00:07,V  1N  0230.55E+0
2026-02-06 11:00:07,A  1N  00.3396E+0
2026-02-06 11:00:07,W  1N  0044.56E+0
2026-02-06 11:00:08,"HzV1N  050.014E+0,W  1N  0044.56E+0"
2026-02-06 11:00:08,END
2026-02-06 11:00:08,V  1N  0230.77E+0
2026-02-06 11:00:08,A  1N  00.3386E+0
2026-02-06 11:00:08,W  1N  0044.20E+0
2026-02-06 11:00:08,"HzV1N  050.016E+0,W  1N  0044.20E+0"
2026-02-06 11:00:08,END
2026-02-06 11:00:08,V  1N  0228.97E+0
2026-02-06 11:00:08,A  1N  00.3353E+0
2026-02-06 11:00:08,W  1N  0043.56E+0
2026-02-06 11:00:08,"HzV1N  050.014E+0,W  1N  0043.56E+0"
2026-02-06 11:00:08,END
2026-02-06 11:00:08,V  1N  0230.43E+0
2026-02-06 11:00:08,A  1N  00.3385E+0
2026-02-06 11:00:08,W  1N  0044.45E+0
2026-02-06 11:00:08,"HzV1N  050.018E+0,W  1N  0044.45E+0"
2026-02-06 11:00:08,END
2026-02-06 11:00:08,V  1N  0230.83E+0
2026-02-06 11:00:08,A  1N  00.3427E+0
2026-02-06 11:00:08,W  1N  0044.40E+0
2026-02-06 11:00:09,"HzV1N  050.016E+0,W  1N  0044.40E+0"
2026-02-06 11:00:09,END
2026-02-06 11:00:09,V  1N  0230.73E+0
2026-02-06 11:00:09,A  1N  00.3421E+0
2026-02-06 11:00:09,W  1N  0044.43E+0
2026-02-06 11:00:09,"HzV1N  050.018E+0,W  1N  0044.43E+0"
2026-02-06 11:00:09,END
2026-02-06 11:00:09,V  1N  0230.98E+0
2026-02-06 11:00:09,A  1N  00.3409E+0
2026-02-06 11:00:09,W  1N  0044.28E+0
2026-02-06 11:00:09,"HzV1N  050.018E+0,W  1N  0044.28E+0"
2026-02-06 11:00:09,END
2026-02-06 11:00:09,V  1N  0230.72E+0
2026-02-06 11:00:09,A  1N  00.3412E+0
2026-02-06 11:00:09,W  1N  0044.31E+0
2026-02-06 11:00:09,"HzV1N  050.018E+0,W  1N  0044.31E+0"
2026-02-06 11:00:09,END
2026-02-06 11:00:09,V  1N  0231.09E+0
2026-02-06 11:00:09,A  1N  00.3409E+0
2026-02-06 11:00:09,W  1N  0044.37E+0
2026-02-06 11:00:10,"HzV1N  050.018E+0,W  1N  0044.37E+0"
2026-02-06 11:00:10,END
2026-02-06 11:00:10,V  1N  0230.83E+0
2026-02-06 11:00:10,A  1N  00.3403E+0
2026-02-06 11:00:10,W  1N  0044.25E+0
2026-02-06 11:00:10,"HzV1N  050.020E+0,W  1N  0044.25E+0"
2026-02-06 11:00:10,END
2026-02-06 11:00:10,V  1N  0231.13E+0
2026-02-06 11:00:10,A  1N  00.3425E+0
2026-02-06 11:00:10,W  1N  0044.41E+0
2026-02-06 11:00:10,"HzV1N  050.023E+0,W  1N  0044.41E+0"
2026-02-06 11:00:10,END
2026-02-06 11:00:10,V  1N  0230.47E+0
2026-02-06 11:00:10,A  1N  00.3425E+0
2026-02-06 11:00:10,W  1N  0044.37E+0
2026-02-06 11:00:10,"HzV1N  050.025E+0,W  1N  0044.37E+0"
2026-02-06 11:00:10,END
2026-02-06 11:00:10,V  1N  0230.89E+0
2026-02-06 11:00:10,A  1N  00.3423E+0
2026-02-06 11:00:10,W  1N  0044.54E+0
2026-02-06 11:00:11,"HzV1N  050.025E+0,W  1N  0044.54E+0"
2026-02-06 11:00:11,END
2026-02-06 11:00:11,V  1N  0230.57E+0
2026-02-06 11:00:11,A  1N  00.3416E+0
2026-02-06 11:00:11,W  1N  0044.42E+0
2026-02-06 11:00:11,"HzV1N  050.027E+0,W  1N  0044.42E+0"
2026-02-06 11:00:11,END
2026-02-06 11:00:11,V  1N  0230.80E+0
2026-02-06 11:00:11,A  1N  00.3424E+0
2026-02-06 11:00:11,W  1N  0044.59E+0
2026-02-06 11:00:11,"HzV1N  050.027E+0,W  1N  0044.59E+0"
2026-02-06 11:00:11,END
2026-02-06 11:00:11,V  1N  0230.80E+0
2026-02-06 11:00:11,A  1N  00.3408E+0
2026-02-06 11:00:11,W  1N  0044.30E+0
2026-02-06 11:00:11,"HzV1N  050.029E+0,W  1N  0044.30E+0"
2026-02-06 11:00:11,END
2026-02-06 11:00:11,V  1N  0230.44E+0
2026-02-06 11:00:11,A  1N  00.3398E+0
2026-02-06 11:00:11,W  1N  0044.21E+0
2026-02-06 11:00:12,"HzV1N  050.029E+0,W  1N  0044.21E+0"
2026-02-06 11:00:12,END
2026-02-06 11:00:12,V  1N  0230.27E+0
2026-02-06 11:00:12,A  1N  00.3411E+0
2026-02-06 11:00:12,W  1N  0044.31E+0
2026-02-06 11:00:12,"HzV1N  050.027E+0,W  1N  0044.31E+0"
2026-02-06 11:00:12,END
2026-02-06 11:00:12,V  1N  0230.60E+0
2026-02-06 11:00:12,A  1N  00.3392E+0
2026-02-06 11:00:12,W  1N  0044.26E+0
2026-02-06 11:00:12,"HzV1N  050.025E+0,W  1N  0044.26E+0"
2026-02-06 11:00:12,END
2026-02-06 11:00:12,V  1N  0230.34E+0
2026-02-06 11:00:12,A  1N  00.3392E+0
2026-02-06 11:00:12,W  1N  0044.06E+0
2026-02-06 11:00:12,"HzV1N  050.025E+0,W  1N  0044.06E+0"
2026-02-06 11:00:12,END
2026-02-06 11:00:12,V  1N  0230.34E+0
2026-02-06 11:00:12,A  1N  00.3402E+0
2026-02-06 11:00:12,W  1N  0044.14E+0
2026-02-06 11:00:13,"HzV1N  050.025E+0,W  1N  0044.14E+0"
2026-02-06 11:00:13,END
2026-02-06 11:00:13,V  1N  0230.42E+0
2026-02-06 11:00:13,A  1N  00.3401E+0
2026-02-06 11:00:13,W  1N  0044.10E+0
2026-02-06 11:00:13,"HzV1N  050.023E+0,W  1N  0044.10E+0"
2026-02-06 11:00:13,END
2026-02-06 11:00:13,V  1N  0230.37E+0
2026-02-06 11:00:13,A  1N  00.3395E+0
2026-02-06 11:00:13,W  1N  0044.17E+0
2026-02-06 11:00:13,"HzV1N  050.021E+0,W  1N  0044.17E+0"
2026-02-06 11:00:13,END
2026-02-06 11:00:13,V  1N  0230.44E+0
2026-02-06 11:00:13,A  1N  00.3399E+0
2026-02-06 11:00:13,W  1N  0044.05E+0
2026-02-06 11:00:13,"HzV1N  050.025E+0,W  1N  0044.05E+0"
2026-02-06 11:00:13,END
2026-02-06 11:00:13,V  1N  0230.29E+0
2026-02-06 11:00:13,A  1N  00.3408E+0
2026-02-06 11:00:13,W  1N  0044.30E+0
2026-02-06 11:00:14,"HzV1N  050.023E+0,W  1N  0044.30E+0"
2026-02-06 11:00:14,END
2026-02-06 11:00:14,V  1N  0230.67E+0
2026-02-06 11:00:14,A  1N  00.3405E+0
2026-02-06 11:00:14,W  1N  0044.31E+0
2026-02-06 11:00:14,"HzV1N  050.021E+0,W  1N  0044.31E+0"
2026-02-06 11:00:14,END
2026-02-06 11:00:14,V  1N  0230.71E+0
2026-02-06 11:00:14,A  1N  00.3407E+0
2026-02-06 11:00:14,W  1N  0044.37E+0
2026-02-06 11:00:14,"HzV1N  050.023E+0,W  1N  0044.37E+0"
2026-02-06 11:00:14,END
2026-02-06 11:00:14,V  1N  0230.59E+0
2026-02-06 11:00:14,A  1N  00.3400E+0
2026-02-06 11:00:14,W  1N  0044.57E+0
2026-02-06 11:00:14,"HzV1N  050.021E+0,W  1N  0044.57E+0"
2026-02-06 11:00:14,END
2026-02-06 11:00:14,V  1N  0230.56E+0
2026-02-06 11:00:14,A  1N  00.3397E+0
2026-02-06 11:00:14,W  1N  0044.39E+0
2026-02-06 11:00:15,"HzV1N  050.020E+0,W  1N  0044.39E+0"
2026-02-06 11:00:15,END
2026-02-06 11:00:15,V  1N  0230.44E+0
2026-02-06 11:00:15,A  1N  00.3400E+0
2026-02-06 11:00:15,W  1N  0044.09E+0
2026-02-06 11:00:15,"HzV1N  050.021E+0,W  1N  0044.09E+0"
2026-02-06 11:00:15,END
2026-02-06 11:00:15,V  1N  0228.69E+0
2026-02-06 11:00:15,A  1N  00.3374E+0
2026-02-06 11:00:15,W  1N  0043.62E+0
2026-02-06 11:00:15,"HzV1N  050.020E+0,W  1N  0043.62E+0"
2026-02-06 11:00:15,END
2026-02-06 11:00:15,V  1N  0230.16E+0
2026-02-06 11:00:15,A  1N  00.3399E+0
2026-02-06 11:00:15,W  1N  0044.42E+0
2026-02-06 11:00:15,"HzV1N  050.020E+0,W  1N  0044.42E+0"
2026-02-06 11:00:15,END
2026-02-06 11:00:15,V  1N  0230.39E+0
2026-02-06 11:00:15,A  1N  00.3405E+0
2026-02-06 11:00:15,W  1N  0044.49E+0
2026-02-06 11:00:16,"HzV1N  050.018E+0,W  1N  0044.49E+0"
2026-02-06 11:00:16,END
2026-02-06 11:00:16,V  1N  0230.38E+0
2026-02-06 11:00:16,A  1N  00.3413E+0
2026-02-06 11:00:16,W  1N  0044.57E+0
2026-02-06 11:00:16,"HzV1N  050.020E+0,W  1N  0044.57E+0"
2026-02-06 11:00:16,END
2026-02-06 11:00:16,V  1N  0230.41E+0
2026-02-06 11:00:16,A  1N  00.3409E+0
2026-02-06 11:00:16,W  1N  0044.54E+0
2026-02-06 11:00:16,"HzV1N  050.018E+0,W  1N  0044.54E+0"
2026-02-06 11:00:16,END
2026-02-06 11:00:16,V  1N  0230.22E+0
2026-02-06 11:00:16,A  1N  00.3413E+0
2026-02-06 11:00:16,W  1N  0044.71E+0
2026-02-06 11:00:16,"HzV1N  050.018E+0,W  1N  0044.71E+0"
2026-02-06 11:00:16,END
2026-02-06 11:00:16,V  1N  0230.40E+0
2026-02-06 11:00:16,A  1N  00.3399E+0
2026-02-06 11:00:16,W  1N  0044.61E+0
2026-02-06 11:00:17,"HzV1N  050.018E+0,W  1N  0044.61E+0"
2026-02-06 11:00:17,END
2026-02-06 11:00:17,V  1N  0230.70E+0
2026-02-06 11:00:17,A  1N  00.3392E+0
2026-02-06 11:00:17,W  1N  0044.57E+0
2026-02-06 11:00:17,"HzV1N  050.018E+0,W  1N  0044.57E+0"
2026-02-06 11:00:17,END
2026-02-06 11:00:17,V  1N  0230.71E+0
2026-02-06 11:00:17,A  1N  00.3383E+0
2026-02-06 11:00:17,W  1N  0044.58E+0
2026-02-06 11:00:17,"HzV1N  050.020E+0,W  1N  0044.58E+0"
2026-02-06 11:00:17,END
2026-02-06 11:00:17,V  1N  0230.46E+0
2026-02-06 11:00:17,A  1N  00.3397E+0
2026-02-06 11:00:17,W  1N  0044.80E+0
2026-02-06 11:00:17,"HzV1N  050.021E+0,W  1N  0044.80E+0"
2026-02-06 11:00:17,END
2026-02-06 11:00:17,V  1N  0230.49E+0
2026-02-06 11:00:17,A  1N  00.3390E+0
2026-02-06 11:00:17,W  1N  0044.71E+0
2026-02-06 11:00:18,"HzV1N  050.020E+0,W  1N  0044.71E+0"
2026-02-06 11:00:18,END
2026-02-06 11:00:18,V  1N  0230.43E+0
2026-02-06 11:00:18,A  1N  00.3393E+0
2026-02-06 11:00:18,W  1N  0044.77E+0
2026-02-06 11:00:18,"HzV1N  050.018E+0,W  1N  0044.77E+0"
2026-02-06 11:00:18,END
2026-02-06 11:00:18,V  1N  0228.94E+0
2026-02-06 11:00:18,A  1N  00.3347E+0
2026-02-06 11:00:18,W  1N  0043.59E+0
2026-02-06 11:00:18,"HzV1N  050.020E+0,W  1N  0043.59E+0"
2026-02-06 11:00:18,END
2026-02-06 11:00:18,V  1N  0230.47E+0
2026-02-06 11:00:18,A  1N  00.3385E+0
2026-02-06 11:00:18,W  1N  0044.69E+0
2026-02-06 11:00:18,"HzV1N  050.020E+0,W  1N  0044.69E+0"
2026-02-06 11:00:18,END
2026-02-06 11:00:18,V  1N  0228.75E+0
2026-02-06 11:00:18,A  1N  00.3347E+0
2026-02-06 11:00:18,W  1N  0043.58E+0
2026-02-06 11:00:19,"HzV1N  050.020E+0,W  1N  0043.58E+0"
2026-02-06 11:00:19,END
2026-02-06 11:00:19,V  1N  0
Timestamp,Medicion
2026-02-06 11:00:27,V  1N  0227.62E+0
2026-02-06 11:00:27,A  1N  00.3301E+0
2026-02-06 11:00:27,W  1N  0042.09E+0
2026-02-06 11:00:27,"HzV1N  050.013E+0,W  1N  0042.09E+0"
2026-02-06 11:00:27,END
2026-02-06 11:00:27,V  1N  0227.58E+0
2026-02-06 11:00:27,A  1N  00.3309E+0
2026-02-06 11:00:27,W  1N  0042.10E+0
2026-02-06 11:00:28,"HzV1N  050.011E+0,W  1N  0042.10E+0"
2026-02-06 11:00:28,END
2026-02-06 11:00:28,V  1N  0227.46E+0
2026-02-06 11:00:28,A  1N  00.3295E+0
2026-02-06 11:00:28,W  1N  0042.10E+0
2026-02-06 11:00:28,"HzV1N  050.011E+0,W  1N  0042.10E+0"
2026-02-06 11:00:28,END
2026-02-06 11:00:28,V  1N  0227.33E+0
2026-02-06 11:00:28,A  1N  00.3302E+0
2026-02-06 11:00:28,W  1N  0042.22E+0
2026-02-06 11:00:28,"HzV1N  050.009E+0,W  1N  0042.22E+0"
2026-02-06 11:00:28,END
2026-02-06 11:00:28,V  1N  0227.41E+0
2026-02-06 11:00:28,A  1N  00.3293E+0
2026-02-06 11:00:28,W  1N  0042.06E+0
2026-02-06 11:00:28,"HzV1N  050.011E+0,W  1N  0042.06E+0"
2026-02-06 11:00:28,END
2026-02-06 11:00:28,V  1N  0227.40E+0
2026-02-06 11:00:28,A  1N  00.3296E+0
2026-02-06 11:00:28,W  1N  0042.13E+0
2026-02-06 11:00:29,"HzV1N  050.009E+0,W  1N  0042.13E+0"
2026-02-06 11:00:29,END
2026-02-06 11:00:29,V  1N  0228.48E+0
2026-02-06 11:00:29,A  1N  00.3345E+0
2026-02-06 11:00:29,W  1N  0043.42E+0
2026-02-06 11:00:29,"HzV1N  050.007E+0,W  1N  0043.42E+0"
2026-02-06 11:00:29,END
2026-02-06 11:00:29,V  1N  0227.42E+0
2026-02-06 11:00:29,A  1N  00.3302E+0
2026-02-06 11:00:29,W  1N  0042.17E+0
2026-02-06 11:00:29,"HzV1N  050.007E+0,W  1N  0042.17E+0"
2026-02-06 11:00:29,END
2026-02-06 11:00:29,V  1N  0227.47E+0
2026-02-06 11:00:29,A  1N  00.3298E+0
2026-02-06 11:00:29,W  1N  0042.05E+0
2026-02-06 11:00:29,"HzV1N  050.007E+0,W  1N  0042.05E+0"
2026-02-06 11:00:29,END
2026-02-06 11:00:29,V  1N  0227.56E+0
2026-02-06 11:00:29,A  1N  00.3300E+0
2026-02-06 11:00:29,W  1N  0042.17E+0
2026-02-06 11:00:30,"HzV1N  050.005E+0,W  1N  0042.17E+0"
2026-02-06 11:00:30,END
2026-02-06 11:00:30,V  1N  0227.63E+0
2026-02-06 11:00:30,A  1N  00.3293E+0
2026-02-06 11:00:30,W  1N  0042.09E+0
2026-02-06 11:00:30,"HzV1N  050.004E+0,W  1N  0042.09E+0"
2026-02-06 11:00:30,END
2026-02-06 11:00:30,V  1N  0227.75E+0
2026-02-06 11:00:30,A  1N  00.3312E+0
2026-02-06 11:00:30,W  1N  0042.13E+0
2026-02-06 11:00:30,"HzV1N  050.007E+0,W  1N  0042.13E+0"
2026-02-06 11:00:30,END
2026-02-06 11:00:30,V  1N  0228.82E+0
2026-02-06 11:00:30,A  1N  00.3367E+0
2026-02-06 11:00:30,W  1N  0043.53E+0
2026-02-06 11:00:30,"HzV1N  050.009E+0,W  1N  0043.53E+0"
2026-02-06 11:00:30,END
2026-02-06 11:00:30,V  1N  0228.84E+0
2026-02-06 11:00:30,A  1N  00.3358E+0
2026-02-06 11:00:30,W  1N  0043.49E+0
2026-02-06 11:00:31,"HzV1N  050.007E+0,W  1N  0043.49E+0"
2026-02-06 11:00:31,END
2026-02-06 11:00:31,V  1N  0228.57E+0
2026-02-06 11:00:31,A  1N  00.3358E+0
2026-02-06 11:00:31,W  1N  0043.57E+0
2026-02-06 11:00:31,"HzV1N  050.007E+0,W  1N  0043.57E+0"
2026-02-06 11:00:31,END
2026-02-06 11:00:31,V  1N  0228.67E+0
2026-02-06 11:00:31,A  1N  00.3354E+0
2026-02-06 11:00:31,W  1N  0043.59E+0
2026-02-06 11:00:31,"HzV1N  050.007E+0,W  1N  0043.59E+0"
2026-02-06 11:00:31,END
2026-02-06 11:00:31,V  1N  0229.87E+0
2026-02-06 11:00:31,A  1N  00.3410E+0
2026-02-06 11:00:31,W  1N  0044.89E+0
2026-02-06 11:00:31,"HzV1N  050.005E+0,W  1N  0044.89E+0"
2026-02-06 11:00:31,END
2026-02-06 11:00:31,V  1N  0228.59E+0
2026-02-06 11:00:31,A  1N  00.3361E+0
2026-02-06 11:00:31,W  1N  0043.60E+0
2026-02-06 11:00:32,"HzV1N  050.011E+0,W  1N  0043.60E+0"
2026-02-06 11:00:32,END
2026-02-06 11:00:32,V  1N  0228.80E+0
2026-02-06 11:00:32,A  1N  00.3355E+0
2026-02-06 11:00:32,W  1N  0043.52E+0
2026-02-06 11:00:32,"HzV1N  050.009E+0,W  1N  0043.52E+0"
2026-02-06 11:00:32,END
2026-02-06 11:00:32,V  1N  0228.65E+0
2026-02-06 11:00:32,A  1N  00.3359E+0
2026-02-06 11:00:32,W  1N  0043.63E+0
2026-02-06 11:00:32,"HzV1N  050.011E+0,W  1N  0043.63E+0"
2026-02-06 11:00:32,END
2026-02-06 11:00:32,V  1N  0230.38E+0
2026-02-06 11:00:32,A  1N  00.3416E+0
2026-02-06 11:00:32,W  1N  0044.69E+0
2026-02-06 11:00:32,"HzV1N  050.013E+0,W  1N  0044.69E+0"
2026-02-06 11:00:32,END
2026-02-06 11:00:32,V  1N  0228.67E+0
2026-02-06 11:00:32,A  1N  00.3357E+0
2026-02-06 11:00:32,W  1N  0043.49E+0
2026-02-06 11:00:33,"HzV1N  050.013E+0,W  1N  0043.49E+0"
2026-02-06 11:00:33,END
2026-02-06 11:00:33,V  1N  0228.65E+0
2026-02-06 11:00:33,A  1N  00.3346E+0
2026-02-06 11:00:33,W  1N  0043.52E+0
2026-02-06 11:00:33,"HzV1N  050.013E+0,W  1N  0043.52E+0"
2026-02-06 11:00:33,END
2026-02-06 11:00:33,V  1N  0230.28E+0
2026-02-06 11:00:33,A  1N  00.3391E+0
2026-02-06 11:00:33,W  1N  0044.66E+0
2026-02-06 11:00:33,"HzV1N  050.011E+0,W  1N  0044.66E+0"
2026-02-06 11:00:33,END
2026-02-06 11:00:33,V  1N  0228.63E+0
2026-02-06 11:00:33,A  1N  00.3354E+0
2026-02-06 11:00:33,W  1N  0043.48E+0
2026-02-06 11:00:33,"HzV1N  050.013E+0,W  1N  0043.48E+0"
2026-02-06 11:00:33,END
2026-02-06 11:00:33,V  1N  0228.50E+0
2026-02-06 11:00:33,A  1N  00.3360E+0
2026-02-06 11:00:33,W  1N  0043.63E+0
2026-02-06 11:00:34,"HzV1N  050.011E+0,W  1N  0043.63E+0"
2026-02-06 11:00:34,END
2026-02-06 11:00:34,V  1N  0230.52E+0
2026-02-06 11:00:34,A  1N  00.3385E+0
2026-02-06 11:00:34,W  1N  0044.47E+0
2026-02-06 11:00:34,"HzV1N  050.011E+0,W  1N  0044.47E+0"
2026-02-06 11:00:34,END
2026-02-06 11:00:34,V  1N  0228.69E+0
2026-02-06 11:00:34,A  1N  00.3356E+0
2026-02-06 11:00:34,W  1N  0043.60E+0
2026-02-06 11:00:34,"HzV1N  050.013E+0,W  1N  0043.60E+0"
2026-02-06 11:00:34,END
2026-02-06 11:00:34,V  1N  0230.50E+0
2026-02-06 11:00:34,A  1N  00.3387E+0
2026-02-06 11:00:34,W  1N  0044.53E+0
2026-02-06 11:00:34,"HzV1N  050.011E+0,W  1N  0044.53E+0"
2026-02-06 11:00:34,END
2026-02-06 11:00:34,V  1N  0230.48E+0
2026-02-06 11:00:34,A  1N  00.3376E+0
2026-02-06 11:00:34,W  1N  0044.36E+0
2026-02-06 11:00:35,"HzV1N  050.013E+0,W  1N  0044.36E+0"
2026-02-06 11:00:35,END
2026-02-06 11:00:35,V  1N  0230.69E+0
2026-02-06 11:00:35,A  1N  00.3385E+0
2026-02-06 11:00:35,W  1N  0044.53E+0
2026-02-06 11:00:35,"HzV1N  050.011E+0,W  1N  0044.53E+0"
2026-02-06 11:00:35,END
2026-02-06 11:00:35,V  1N  0227.46E+0
2026-02-06 11:00:35,A  1N  00.3303E+0
2026-02-06 11:00:35,W  1N  0042.36E+0
2026-02-06 11:00:35,"HzV1N  050.011E+0,W  1N  0042.36E+0"
2026-02-06 11:00:35,END
2026-02-06 11:00:35,V  1N  0229.18E+0
2026-02-06 11:00:35,A  1N  00.3341E+0
2026-02-06 11:00:35,W  1N  0043.23E+0
2026-02-06 11:00:35,"HzV1N  050.009E+0,W  1N  0043.23E+0"
2026-02-06 11:00:35,END
2026-02-06 11:00:35,V  1N  0228.48E+0
2026-02-06 11:00:35,A  1N  00.3351E+0
2026-02-06 11:00:35,W  1N  0043.53E+0
2026-02-06 11:00:36,"HzV1N  050.005E+0,W  1N  0043.53E+0"
2026-02-06 11:00:36,END
2026-02-06 11:00:36,V  1N  0230.25E+0
2026-02-06 11:00:36,A  1N  00.3385E+0
2026-02-06 11:00:36,W  1N  0044.64E+0
2026-02-06 11:00:36,"HzV1N  050.005E+0,W  1N  0044.64E+0"
2026-02-06 11:00:36,END
2026-02-06 11:00:36,V  1N  0230.14E+0
2026-02-06 11:00:36,A  1N  00.3389E+0
2026-02-06 11:00:36,W  1N  0044.76E+0
2026-02-06 11:00:36,"HzV1N  050.005E+0,W  1N  0044.76E+0"
2026-02-06 11:00:36,END
2026-02-06 11:00:36,V  1N  0230.60E+0
2026-02-06 11:00:36,A  1N  00.3386E+0
2026-02-06 11:00:36,W  1N  0044.70E+0
2026-02-06 11:00:36,"HzV1N  050.007E+0,W  1N  0044.70E+0"
2026-02-06 11:00:36,END
2026-02-06 11:00:36,V  1N  0230.83E+0
2026-02-06 11:00:36,A  1N  00.3381E+0
2026-02-06 11:00:36,W  1N  0044.41E+0
2026-02-06 11:00:37,"HzV1N  050.005E+0,W  1N  0044.41E+0"
2026-02-06 11:00:37,END
2026-02-06 11:00:37,V  1N  0230.94E+0
2026-02-06 11:00:37,A  1N  00.3382E+0
2026-02-06 11:00:37,W  1N  0044.43E+0
2026-02-06 11:00:37,"HzV1N  050.009E+0,W  1N  0044.43E+0"
2026-02-06 11:00:37,END
2026-02-06 11:00:37,V  1N  0228.75E+0
2026-02-06 11:00:37,A  1N  00.3345E+0
2026-02-06 11:00:37,W  1N  0043.55E+0
2026-02-06 11:00:37,"HzV1N  050.011E+0,W  1N  0043.55E+0"
2026-02-06 11:00:37,END
2026-02-06 11:00:37,V  1N  0230.75E+0
2026-02-06 11:00:37,A  1N  00.3385E+0
2026-02-06 11:00:37,W  1N  0044.57E+0
2026-02-06 11:00:37,"HzV1N  050.011E+0,W  1N  0044.57E+0"
2026-02-06 11:00:37,END
2026-02-06 11:00:37,V  1N  0230.56E+0
2026-02-06 11:00:37,A  1N  00.3365E+0
2026-02-06 11:00:37,W  1N  0044.23E+0
2026-02-06 11:00:38,"HzV1N  050.013E+0,W  1N  0044.23E+0"
2026-02-06 11:00:38,END
